Event Index,UTC Timestamp,UTC Date,Local Timestamp,Local Timezone,Local Date,Experiment ID,Experiment Version,Tree Node Key,Repeat Key,Schedule ID,Participant Public ID,Participant Private ID,Participant Starting Group,Participant Status,Participant Completion Code,Participant External Session ID,Participant Device Type,Participant Device,Participant OS,Participant Browser,Participant Monitor Size,Participant Viewport Size,Checkpoint,Task Name,Task Version,randomiser-oh6h,Randomise questionnaire elements?,Question Key,Response
1,1.60484E+12,08/11/2020 12:56,1.60484E+12,0,08/11/2020 12:56,12022,43,questionnaire-ynxa,,7648591,BLIND,2267193,,complete,duzpgo,,computer,Desktop or Laptop,Mac OS 10.15,Firefox 82.0,1440x900,1440x798,,Demographic variables,12,Menta-first,No,BEGIN QUESTIONNAIRE,
2,1.60484E+12,08/11/2020 12:56,1.60484E+12,0,08/11/2020 12:56,12022,43,questionnaire-ynxa,,7648591,BLIND,2267193,,complete,duzpgo,,computer,Desktop or Laptop,Mac OS 10.15,Firefox 82.0,1440x900,1440x798,,Demographic variables,12,Menta-first,No,Gender ,Male
3,1.60484E+12,08/11/2020 12:56,1.60484E+12,0,08/11/2020 12:56,12022,43,questionnaire-ynxa,,7648591,BLIND,2267193,,complete,duzpgo,,computer,Desktop or Laptop,Mac OS 10.15,Firefox 82.0,1440x900,1440x798,,Demographic variables,12,Menta-first,No,Gender -quantised,2
4,1.60484E+12,08/11/2020 12:56,1.60484E+12,0,08/11/2020 12:56,12022,43,questionnaire-ynxa,,7648591,BLIND,2267193,,complete,duzpgo,,computer,Desktop or Laptop,Mac OS 10.15,Firefox 82.0,1440x900,1440x798,,Demographic variables,12,Menta-first,No,education,Bachelor's degree
5,1.60484E+12,08/11/2020 12:56,1.60484E+12,0,08/11/2020 12:56,12022,43,questionnaire-ynxa,,7648591,BLIND,2267193,,complete,duzpgo,,computer,Desktop or Laptop,Mac OS 10.15,Firefox 82.0,1440x900,1440x798,,Demographic variables,12,Menta-first,No,education-quantised,4
6,1.60484E+12,08/11/2020 12:56,1.60484E+12,0,08/11/2020 12:56,12022,43,questionnaire-ynxa,,7648591,BLIND,2267193,,complete,duzpgo,,computer,Desktop or Laptop,Mac OS 10.15,Firefox 82.0,1440x900,1440x798,,Demographic variables,12,Menta-first,No,age,26
7,1.60484E+12,08/11/2020 12:56,1.60484E+12,0,08/11/2020 12:56,12022,43,questionnaire-ynxa,,7648591,BLIND,2267193,,complete,duzpgo,,computer,Desktop or Laptop,Mac OS 10.15,Firefox 82.0,1440x900,1440x798,,Demographic variables,12,Menta-first,No,age-quantised,9
8,1.60484E+12,08/11/2020 12:56,1.60484E+12,0,08/11/2020 12:56,12022,43,questionnaire-ynxa,,7648591,BLIND,2267193,,complete,duzpgo,,computer,Desktop or Laptop,Mac OS 10.15,Firefox 82.0,1440x900,1440x798,,Demographic variables,12,Menta-first,No,prolific ID,5d2dbfc01460350001333a97
9,1.60484E+12,08/11/2020 12:56,1.60484E+12,0,08/11/2020 12:56,12022,43,questionnaire-ynxa,,7648591,BLIND,2267193,,complete,duzpgo,,computer,Desktop or Laptop,Mac OS 10.15,Firefox 82.0,1440x900,1440x798,,Demographic variables,12,Menta-first,No,END QUESTIONNAIRE,18903
1,1.60484E+12,08/11/2020 12:56,1.60484E+12,2,08/11/2020 14:56,12022,43,questionnaire-ynxa,,7648592,BLIND,2267191,,live,,,computer,Desktop or Laptop,Windows 10,Chrome 86.0.4240.183,2560x1440,1929x1112,,Demographic variables,12,Menta-first,No,BEGIN QUESTIONNAIRE,
2,1.60484E+12,08/11/2020 12:56,1.60484E+12,2,08/11/2020 14:56,12022,43,questionnaire-ynxa,,7648592,BLIND,2267191,,live,,,computer,Desktop or Laptop,Windows 10,Chrome 86.0.4240.183,2560x1440,1929x1112,,Demographic variables,12,Menta-first,No,Gender ,Male
3,1.60484E+12,08/11/2020 12:56,1.60484E+12,2,08/11/2020 14:56,12022,43,questionnaire-ynxa,,7648592,BLIND,2267191,,live,,,computer,Desktop or Laptop,Windows 10,Chrome 86.0.4240.183,2560x1440,1929x1112,,Demographic variables,12,Menta-first,No,Gender -quantised,2
4,1.60484E+12,08/11/2020 12:56,1.60484E+12,2,08/11/2020 14:56,12022,43,questionnaire-ynxa,,7648592,BLIND,2267191,,live,,,computer,Desktop or Laptop,Windows 10,Chrome 86.0.4240.183,2560x1440,1929x1112,,Demographic variables,12,Menta-first,No,education,Some college
5,1.60484E+12,08/11/2020 12:56,1.60484E+12,2,08/11/2020 14:56,12022,43,questionnaire-ynxa,,7648592,BLIND,2267191,,live,,,computer,Desktop or Laptop,Windows 10,Chrome 86.0.4240.183,2560x1440,1929x1112,,Demographic variables,12,Menta-first,No,education-quantised,3
6,1.60484E+12,08/11/2020 12:56,1.60484E+12,2,08/11/2020 14:56,12022,43,questionnaire-ynxa,,7648592,BLIND,2267191,,live,,,computer,Desktop or Laptop,Windows 10,Chrome 86.0.4240.183,2560x1440,1929x1112,,Demographic variables,12,Menta-first,No,age,19
7,1.60484E+12,08/11/2020 12:56,1.60484E+12,2,08/11/2020 14:56,12022,43,questionnaire-ynxa,,7648592,BLIND,2267191,,live,,,computer,Desktop or Laptop,Windows 10,Chrome 86.0.4240.183,2560x1440,1929x1112,,Demographic variables,12,Menta-first,No,age-quantised,2
8,1.60484E+12,08/11/2020 12:56,1.60484E+12,2,08/11/2020 14:56,12022,43,questionnaire-ynxa,,7648592,BLIND,2267191,,live,,,computer,Desktop or Laptop,Windows 10,Chrome 86.0.4240.183,2560x1440,1929x1112,,Demographic variables,12,Menta-first,No,prolific ID,5ef0efa80be9c609391ce1c8
9,1.60484E+12,08/11/2020 12:56,1.60484E+12,2,08/11/2020 14:56,12022,43,questionnaire-ynxa,,7648592,BLIND,2267191,,live,,,computer,Desktop or Laptop,Windows 10,Chrome 86.0.4240.183,2560x1440,1929x1112,,Demographic variables,12,Menta-first,No,END QUESTIONNAIRE,20234
1,1.60484E+12,08/11/2020 12:56,1.60484E+12,1,08/11/2020 13:56,12022,43,questionnaire-ynxa,,7648593,BLIND,2267194,,complete,tzkmmg,,computer,Desktop or Laptop,Windows 10,Firefox 82.0,1920x1080,1920x938,,Demographic variables,12,Menta-first,No,BEGIN QUESTIONNAIRE,
2,1.60484E+12,08/11/2020 12:57,1.60484E+12,1,08/11/2020 13:57,12022,43,questionnaire-ynxa,,7648593,BLIND,2267194,,complete,tzkmmg,,computer,Desktop or Laptop,Windows 10,Firefox 82.0,1920x1080,1920x938,,Demographic variables,12,Menta-first,No,Gender ,Male
3,1.60484E+12,08/11/2020 12:57,1.60484E+12,1,08/11/2020 13:57,12022,43,questionnaire-ynxa,,7648593,BLIND,2267194,,complete,tzkmmg,,computer,Desktop or Laptop,Windows 10,Firefox 82.0,1920x1080,1920x938,,Demographic variables,12,Menta-first,No,Gender -quantised,2
4,1.60484E+12,08/11/2020 12:57,1.60484E+12,1,08/11/2020 13:57,12022,43,questionnaire-ynxa,,7648593,BLIND,2267194,,complete,tzkmmg,,computer,Desktop or Laptop,Windows 10,Firefox 82.0,1920x1080,1920x938,,Demographic variables,12,Menta-first,No,education,High school or equivalent
5,1.60484E+12,08/11/2020 12:57,1.60484E+12,1,08/11/2020 13:57,12022,43,questionnaire-ynxa,,7648593,BLIND,2267194,,complete,tzkmmg,,computer,Desktop or Laptop,Windows 10,Firefox 82.0,1920x1080,1920x938,,Demographic variables,12,Menta-first,No,education-quantised,2
6,1.60484E+12,08/11/2020 12:57,1.60484E+12,1,08/11/2020 13:57,12022,43,questionnaire-ynxa,,7648593,BLIND,2267194,,complete,tzkmmg,,computer,Desktop or Laptop,Windows 10,Firefox 82.0,1920x1080,1920x938,,Demographic variables,12,Menta-first,No,age,20
7,1.60484E+12,08/11/2020 12:57,1.60484E+12,1,08/11/2020 13:57,12022,43,questionnaire-ynxa,,7648593,BLIND,2267194,,complete,tzkmmg,,computer,Desktop or Laptop,Windows 10,Firefox 82.0,1920x1080,1920x938,,Demographic variables,12,Menta-first,No,age-quantised,3
8,1.60484E+12,08/11/2020 12:57,1.60484E+12,1,08/11/2020 13:57,12022,43,questionnaire-ynxa,,7648593,BLIND,2267194,,complete,tzkmmg,,computer,Desktop or Laptop,Windows 10,Firefox 82.0,1920x1080,1920x938,,Demographic variables,12,Menta-first,No,prolific ID,5f0db77915c63e049670d07f
9,1.60484E+12,08/11/2020 12:57,1.60484E+12,1,08/11/2020 13:57,12022,43,questionnaire-ynxa,,7648593,BLIND,2267194,,complete,tzkmmg,,computer,Desktop or Laptop,Windows 10,Firefox 82.0,1920x1080,1920x938,,Demographic variables,12,Menta-first,No,END QUESTIONNAIRE,69424
1,1.60484E+12,08/11/2020 12:56,1.60484E+12,1,08/11/2020 13:56,12022,43,questionnaire-ynxa,,7648604,BLIND,2267201,,live,,,computer,Desktop or Laptop,Windows 7,Chrome 86.0.4240.183,1366x768,976x449,,Demographic variables,12,Meta-first,No,BEGIN QUESTIONNAIRE,
2,1.60484E+12,08/11/2020 12:57,1.60484E+12,1,08/11/2020 13:57,12022,43,questionnaire-ynxa,,7648604,BLIND,2267201,,live,,,computer,Desktop or Laptop,Windows 7,Chrome 86.0.4240.183,1366x768,976x449,,Demographic variables,12,Meta-first,No,Gender ,Male
3,1.60484E+12,08/11/2020 12:57,1.60484E+12,1,08/11/2020 13:57,12022,43,questionnaire-ynxa,,7648604,BLIND,2267201,,live,,,computer,Desktop or Laptop,Windows 7,Chrome 86.0.4240.183,1366x768,976x449,,Demographic variables,12,Meta-first,No,Gender -quantised,2
4,1.60484E+12,08/11/2020 12:57,1.60484E+12,1,08/11/2020 13:57,12022,43,questionnaire-ynxa,,7648604,BLIND,2267201,,live,,,computer,Desktop or Laptop,Windows 7,Chrome 86.0.4240.183,1366x768,976x449,,Demographic variables,12,Meta-first,No,education,Bachelor's degree
5,1.60484E+12,08/11/2020 12:57,1.60484E+12,1,08/11/2020 13:57,12022,43,questionnaire-ynxa,,7648604,BLIND,2267201,,live,,,computer,Desktop or Laptop,Windows 7,Chrome 86.0.4240.183,1366x768,976x449,,Demographic variables,12,Meta-first,No,education-quantised,4
6,1.60484E+12,08/11/2020 12:57,1.60484E+12,1,08/11/2020 13:57,12022,43,questionnaire-ynxa,,7648604,BLIND,2267201,,live,,,computer,Desktop or Laptop,Windows 7,Chrome 86.0.4240.183,1366x768,976x449,,Demographic variables,12,Meta-first,No,age,40
7,1.60484E+12,08/11/2020 12:57,1.60484E+12,1,08/11/2020 13:57,12022,43,questionnaire-ynxa,,7648604,BLIND,2267201,,live,,,computer,Desktop or Laptop,Windows 7,Chrome 86.0.4240.183,1366x768,976x449,,Demographic variables,12,Meta-first,No,age-quantised,23
8,1.60484E+12,08/11/2020 12:57,1.60484E+12,1,08/11/2020 13:57,12022,43,questionnaire-ynxa,,7648604,BLIND,2267201,,live,,,computer,Desktop or Laptop,Windows 7,Chrome 86.0.4240.183,1366x768,976x449,,Demographic variables,12,Meta-first,No,prolific ID,5c45ad3793f3690001c46767
9,1.60484E+12,08/11/2020 12:57,1.60484E+12,1,08/11/2020 13:57,12022,43,questionnaire-ynxa,,7648604,BLIND,2267201,,live,,,computer,Desktop or Laptop,Windows 7,Chrome 86.0.4240.183,1366x768,976x449,,Demographic variables,12,Meta-first,No,END QUESTIONNAIRE,16504
1,1.60484E+12,08/11/2020 12:57,1.60484E+12,-6,08/11/2020 06:57,12022,43,questionnaire-ynxa,,7648608,BLIND,2267199,,complete,eypkrd,,computer,Desktop or Laptop,Windows 10,Chrome 86.0.4240.111,2048x1152,1362x1032,,Demographic variables,12,Meta-first,No,BEGIN QUESTIONNAIRE,
2,1.60484E+12,08/11/2020 12:57,1.60484E+12,-6,08/11/2020 06:57,12022,43,questionnaire-ynxa,,7648608,BLIND,2267199,,complete,eypkrd,,computer,Desktop or Laptop,Windows 10,Chrome 86.0.4240.111,2048x1152,1362x1032,,Demographic variables,12,Meta-first,No,Gender ,Female
3,1.60484E+12,08/11/2020 12:57,1.60484E+12,-6,08/11/2020 06:57,12022,43,questionnaire-ynxa,,7648608,BLIND,2267199,,complete,eypkrd,,computer,Desktop or Laptop,Windows 10,Chrome 86.0.4240.111,2048x1152,1362x1032,,Demographic variables,12,Meta-first,No,Gender -quantised,1
4,1.60484E+12,08/11/2020 12:57,1.60484E+12,-6,08/11/2020 06:57,12022,43,questionnaire-ynxa,,7648608,BLIND,2267199,,complete,eypkrd,,computer,Desktop or Laptop,Windows 10,Chrome 86.0.4240.111,2048x1152,1362x1032,,Demographic variables,12,Meta-first,No,education,Some college
5,1.60484E+12,08/11/2020 12:57,1.60484E+12,-6,08/11/2020 06:57,12022,43,questionnaire-ynxa,,7648608,BLIND,2267199,,complete,eypkrd,,computer,Desktop or Laptop,Windows 10,Chrome 86.0.4240.111,2048x1152,1362x1032,,Demographic variables,12,Meta-first,No,education-quantised,3
6,1.60484E+12,08/11/2020 12:57,1.60484E+12,-6,08/11/2020 06:57,12022,43,questionnaire-ynxa,,7648608,BLIND,2267199,,complete,eypkrd,,computer,Desktop or Laptop,Windows 10,Chrome 86.0.4240.111,2048x1152,1362x1032,,Demographic variables,12,Meta-first,No,age,23
7,1.60484E+12,08/11/2020 12:57,1.60484E+12,-6,08/11/2020 06:57,12022,43,questionnaire-ynxa,,7648608,BLIND,2267199,,complete,eypkrd,,computer,Desktop or Laptop,Windows 10,Chrome 86.0.4240.111,2048x1152,1362x1032,,Demographic variables,12,Meta-first,No,age-quantised,6
8,1.60484E+12,08/11/2020 12:57,1.60484E+12,-6,08/11/2020 06:57,12022,43,questionnaire-ynxa,,7648608,BLIND,2267199,,complete,eypkrd,,computer,Desktop or Laptop,Windows 10,Chrome 86.0.4240.111,2048x1152,1362x1032,,Demographic variables,12,Meta-first,No,prolific ID,5d3532fb6178c20018195407
9,1.60484E+12,08/11/2020 12:57,1.60484E+12,-6,08/11/2020 06:57,12022,43,questionnaire-ynxa,,7648608,BLIND,2267199,,complete,eypkrd,,computer,Desktop or Laptop,Windows 10,Chrome 86.0.4240.111,2048x1152,1362x1032,,Demographic variables,12,Meta-first,No,END QUESTIONNAIRE,20163
1,1.60484E+12,08/11/2020 12:57,1.60484E+12,1,08/11/2020 13:57,12022,43,questionnaire-ynxa,,7648611,BLIND,2267200,,complete,kkcbtl,,computer,Desktop or Laptop,Windows 10,Chrome 86.0.4240.183,1920x1080,1920x969,,Demographic variables,12,Meta-first,No,BEGIN QUESTIONNAIRE,
2,1.60484E+12,08/11/2020 12:58,1.60484E+12,1,08/11/2020 13:58,12022,43,questionnaire-ynxa,,7648611,BLIND,2267200,,complete,kkcbtl,,computer,Desktop or Laptop,Windows 10,Chrome 86.0.4240.183,1920x1080,1920x969,,Demographic variables,12,Meta-first,No,Gender ,Male
3,1.60484E+12,08/11/2020 12:58,1.60484E+12,1,08/11/2020 13:58,12022,43,questionnaire-ynxa,,7648611,BLIND,2267200,,complete,kkcbtl,,computer,Desktop or Laptop,Windows 10,Chrome 86.0.4240.183,1920x1080,1920x969,,Demographic variables,12,Meta-first,No,Gender -quantised,2
4,1.60484E+12,08/11/2020 12:58,1.60484E+12,1,08/11/2020 13:58,12022,43,questionnaire-ynxa,,7648611,BLIND,2267200,,complete,kkcbtl,,computer,Desktop or Laptop,Windows 10,Chrome 86.0.4240.183,1920x1080,1920x969,,Demographic variables,12,Meta-first,No,education,Grammar school
5,1.60484E+12,08/11/2020 12:58,1.60484E+12,1,08/11/2020 13:58,12022,43,questionnaire-ynxa,,7648611,BLIND,2267200,,complete,kkcbtl,,computer,Desktop or Laptop,Windows 10,Chrome 86.0.4240.183,1920x1080,1920x969,,Demographic variables,12,Meta-first,No,education-quantised,1
6,1.60484E+12,08/11/2020 12:58,1.60484E+12,1,08/11/2020 13:58,12022,43,questionnaire-ynxa,,7648611,BLIND,2267200,,complete,kkcbtl,,computer,Desktop or Laptop,Windows 10,Chrome 86.0.4240.183,1920x1080,1920x969,,Demographic variables,12,Meta-first,No,age,26
7,1.60484E+12,08/11/2020 12:58,1.60484E+12,1,08/11/2020 13:58,12022,43,questionnaire-ynxa,,7648611,BLIND,2267200,,complete,kkcbtl,,computer,Desktop or Laptop,Windows 10,Chrome 86.0.4240.183,1920x1080,1920x969,,Demographic variables,12,Meta-first,No,age-quantised,9
8,1.60484E+12,08/11/2020 12:58,1.60484E+12,1,08/11/2020 13:58,12022,43,questionnaire-ynxa,,7648611,BLIND,2267200,,complete,kkcbtl,,computer,Desktop or Laptop,Windows 10,Chrome 86.0.4240.183,1920x1080,1920x969,,Demographic variables,12,Meta-first,No,prolific ID,5f2d188f49c47425c78bac43
9,1.60484E+12,08/11/2020 12:58,1.60484E+12,1,08/11/2020 13:58,12022,43,questionnaire-ynxa,,7648611,BLIND,2267200,,complete,kkcbtl,,computer,Desktop or Laptop,Windows 10,Chrome 86.0.4240.183,1920x1080,1920x969,,Demographic variables,12,Meta-first,No,END QUESTIONNAIRE,53507
1,1.60484E+12,08/11/2020 12:57,1.60484E+12,2,08/11/2020 14:57,12022,43,questionnaire-ynxa,,7648621,BLIND,2267205,,complete,rsebdo,,computer,Desktop or Laptop,Windows 10,Chrome 86.0.4240.183,1536x864,1536x792,,Demographic variables,12,Meta-first,No,BEGIN QUESTIONNAIRE,
2,1.60484E+12,08/11/2020 12:58,1.60484E+12,2,08/11/2020 14:58,12022,43,questionnaire-ynxa,,7648621,BLIND,2267205,,complete,rsebdo,,computer,Desktop or Laptop,Windows 10,Chrome 86.0.4240.183,1536x864,1536x792,,Demographic variables,12,Meta-first,No,Gender ,Male
3,1.60484E+12,08/11/2020 12:58,1.60484E+12,2,08/11/2020 14:58,12022,43,questionnaire-ynxa,,7648621,BLIND,2267205,,complete,rsebdo,,computer,Desktop or Laptop,Windows 10,Chrome 86.0.4240.183,1536x864,1536x792,,Demographic variables,12,Meta-first,No,Gender -quantised,2
4,1.60484E+12,08/11/2020 12:58,1.60484E+12,2,08/11/2020 14:58,12022,43,questionnaire-ynxa,,7648621,BLIND,2267205,,complete,rsebdo,,computer,Desktop or Laptop,Windows 10,Chrome 86.0.4240.183,1536x864,1536x792,,Demographic variables,12,Meta-first,No,education,High school or equivalent
5,1.60484E+12,08/11/2020 12:58,1.60484E+12,2,08/11/2020 14:58,12022,43,questionnaire-ynxa,,7648621,BLIND,2267205,,complete,rsebdo,,computer,Desktop or Laptop,Windows 10,Chrome 86.0.4240.183,1536x864,1536x792,,Demographic variables,12,Meta-first,No,education-quantised,2
6,1.60484E+12,08/11/2020 12:58,1.60484E+12,2,08/11/2020 14:58,12022,43,questionnaire-ynxa,,7648621,BLIND,2267205,,complete,rsebdo,,computer,Desktop or Laptop,Windows 10,Chrome 86.0.4240.183,1536x864,1536x792,,Demographic variables,12,Meta-first,No,age,19
7,1.60484E+12,08/11/2020 12:58,1.60484E+12,2,08/11/2020 14:58,12022,43,questionnaire-ynxa,,7648621,BLIND,2267205,,complete,rsebdo,,computer,Desktop or Laptop,Windows 10,Chrome 86.0.4240.183,1536x864,1536x792,,Demographic variables,12,Meta-first,No,age-quantised,2
8,1.60484E+12,08/11/2020 12:58,1.60484E+12,2,08/11/2020 14:58,12022,43,questionnaire-ynxa,,7648621,BLIND,2267205,,complete,rsebdo,,computer,Desktop or Laptop,Windows 10,Chrome 86.0.4240.183,1536x864,1536x792,,Demographic variables,12,Meta-first,No,prolific ID,5f863b1e4047781878fd5d21
9,1.60484E+12,08/11/2020 12:58,1.60484E+12,2,08/11/2020 14:58,12022,43,questionnaire-ynxa,,7648621,BLIND,2267205,,complete,rsebdo,,computer,Desktop or Laptop,Windows 10,Chrome 86.0.4240.183,1536x864,1536x792,,Demographic variables,12,Meta-first,No,END QUESTIONNAIRE,25707
1,1.60484E+12,08/11/2020 12:57,1.60484E+12,1,08/11/2020 13:57,12022,43,questionnaire-ynxa,,7648622,BLIND,2267209,,complete,cwyooq,,computer,Desktop or Laptop,Windows 10,Chrome 86.0.4240.183,1920x1080,1920x941,,Demographic variables,12,Menta-first,No,BEGIN QUESTIONNAIRE,
2,1.60484E+12,08/11/2020 12:58,1.60484E+12,1,08/11/2020 13:58,12022,43,questionnaire-ynxa,,7648622,BLIND,2267209,,complete,cwyooq,,computer,Desktop or Laptop,Windows 10,Chrome 86.0.4240.183,1920x1080,1920x941,,Demographic variables,12,Menta-first,No,Gender ,Male
3,1.60484E+12,08/11/2020 12:58,1.60484E+12,1,08/11/2020 13:58,12022,43,questionnaire-ynxa,,7648622,BLIND,2267209,,complete,cwyooq,,computer,Desktop or Laptop,Windows 10,Chrome 86.0.4240.183,1920x1080,1920x941,,Demographic variables,12,Menta-first,No,Gender -quantised,2
4,1.60484E+12,08/11/2020 12:58,1.60484E+12,1,08/11/2020 13:58,12022,43,questionnaire-ynxa,,7648622,BLIND,2267209,,complete,cwyooq,,computer,Desktop or Laptop,Windows 10,Chrome 86.0.4240.183,1920x1080,1920x941,,Demographic variables,12,Menta-first,No,education,High school or equivalent
5,1.60484E+12,08/11/2020 12:58,1.60484E+12,1,08/11/2020 13:58,12022,43,questionnaire-ynxa,,7648622,BLIND,2267209,,complete,cwyooq,,computer,Desktop or Laptop,Windows 10,Chrome 86.0.4240.183,1920x1080,1920x941,,Demographic variables,12,Menta-first,No,education-quantised,2
6,1.60484E+12,08/11/2020 12:58,1.60484E+12,1,08/11/2020 13:58,12022,43,questionnaire-ynxa,,7648622,BLIND,2267209,,complete,cwyooq,,computer,Desktop or Laptop,Windows 10,Chrome 86.0.4240.183,1920x1080,1920x941,,Demographic variables,12,Menta-first,No,age,21
7,1.60484E+12,08/11/2020 12:58,1.60484E+12,1,08/11/2020 13:58,12022,43,questionnaire-ynxa,,7648622,BLIND,2267209,,complete,cwyooq,,computer,Desktop or Laptop,Windows 10,Chrome 86.0.4240.183,1920x1080,1920x941,,Demographic variables,12,Menta-first,No,age-quantised,4
8,1.60484E+12,08/11/2020 12:58,1.60484E+12,1,08/11/2020 13:58,12022,43,questionnaire-ynxa,,7648622,BLIND,2267209,,complete,cwyooq,,computer,Desktop or Laptop,Windows 10,Chrome 86.0.4240.183,1920x1080,1920x941,,Demographic variables,12,Menta-first,No,prolific ID,5f4ed8dbfd4172125388b79a
9,1.60484E+12,08/11/2020 12:58,1.60484E+12,1,08/11/2020 13:58,12022,43,questionnaire-ynxa,,7648622,BLIND,2267209,,complete,cwyooq,,computer,Desktop or Laptop,Windows 10,Chrome 86.0.4240.183,1920x1080,1920x941,,Demographic variables,12,Menta-first,No,END QUESTIONNAIRE,25382
1,1.60484E+12,08/11/2020 12:58,1.60484E+12,-5,08/11/2020 07:58,12022,43,questionnaire-ynxa,,7648624,BLIND,2267207,,live,,,computer,Desktop or Laptop,Windows 10,Chrome 86.0.4240.111,1368x912,1368x770,,Demographic variables,12,Menta-first,No,BEGIN QUESTIONNAIRE,
2,1.60484E+12,08/11/2020 12:58,1.60484E+12,-5,08/11/2020 07:58,12022,43,questionnaire-ynxa,,7648624,BLIND,2267207,,live,,,computer,Desktop or Laptop,Windows 10,Chrome 86.0.4240.111,1368x912,1368x770,,Demographic variables,12,Menta-first,No,Gender ,Female
3,1.60484E+12,08/11/2020 12:58,1.60484E+12,-5,08/11/2020 07:58,12022,43,questionnaire-ynxa,,7648624,BLIND,2267207,,live,,,computer,Desktop or Laptop,Windows 10,Chrome 86.0.4240.111,1368x912,1368x770,,Demographic variables,12,Menta-first,No,Gender -quantised,1
4,1.60484E+12,08/11/2020 12:58,1.60484E+12,-5,08/11/2020 07:58,12022,43,questionnaire-ynxa,,7648624,BLIND,2267207,,live,,,computer,Desktop or Laptop,Windows 10,Chrome 86.0.4240.111,1368x912,1368x770,,Demographic variables,12,Menta-first,No,education,Some college
5,1.60484E+12,08/11/2020 12:58,1.60484E+12,-5,08/11/2020 07:58,12022,43,questionnaire-ynxa,,7648624,BLIND,2267207,,live,,,computer,Desktop or Laptop,Windows 10,Chrome 86.0.4240.111,1368x912,1368x770,,Demographic variables,12,Menta-first,No,education-quantised,3
6,1.60484E+12,08/11/2020 12:58,1.60484E+12,-5,08/11/2020 07:58,12022,43,questionnaire-ynxa,,7648624,BLIND,2267207,,live,,,computer,Desktop or Laptop,Windows 10,Chrome 86.0.4240.111,1368x912,1368x770,,Demographic variables,12,Menta-first,No,age,28
7,1.60484E+12,08/11/2020 12:58,1.60484E+12,-5,08/11/2020 07:58,12022,43,questionnaire-ynxa,,7648624,BLIND,2267207,,live,,,computer,Desktop or Laptop,Windows 10,Chrome 86.0.4240.111,1368x912,1368x770,,Demographic variables,12,Menta-first,No,age-quantised,11
8,1.60484E+12,08/11/2020 12:58,1.60484E+12,-5,08/11/2020 07:58,12022,43,questionnaire-ynxa,,7648624,BLIND,2267207,,live,,,computer,Desktop or Laptop,Windows 10,Chrome 86.0.4240.111,1368x912,1368x770,,Demographic variables,12,Menta-first,No,prolific ID,5e38a16710f1a60bb1e08ecf
9,1.60484E+12,08/11/2020 12:58,1.60484E+12,-5,08/11/2020 07:58,12022,43,questionnaire-ynxa,,7648624,BLIND,2267207,,live,,,computer,Desktop or Laptop,Windows 10,Chrome 86.0.4240.111,1368x912,1368x770,,Demographic variables,12,Menta-first,No,END QUESTIONNAIRE,21318
1,1.60484E+12,08/11/2020 12:58,1.60484E+12,0,08/11/2020 12:58,12022,43,questionnaire-ynxa,,7648629,BLIND,2267214,,live,,,computer,Desktop or Laptop,Windows 10,Chrome 86.0.4240.183,1024x768,1024x625,,Demographic variables,12,Meta-first,No,BEGIN QUESTIONNAIRE,
2,1.60484E+12,08/11/2020 12:59,1.60484E+12,0,08/11/2020 12:59,12022,43,questionnaire-ynxa,,7648629,BLIND,2267214,,live,,,computer,Desktop or Laptop,Windows 10,Chrome 86.0.4240.183,1024x768,1024x625,,Demographic variables,12,Meta-first,No,Gender ,Male
3,1.60484E+12,08/11/2020 12:59,1.60484E+12,0,08/11/2020 12:59,12022,43,questionnaire-ynxa,,7648629,BLIND,2267214,,live,,,computer,Desktop or Laptop,Windows 10,Chrome 86.0.4240.183,1024x768,1024x625,,Demographic variables,12,Meta-first,No,Gender -quantised,2
4,1.60484E+12,08/11/2020 12:59,1.60484E+12,0,08/11/2020 12:59,12022,43,questionnaire-ynxa,,7648629,BLIND,2267214,,live,,,computer,Desktop or Laptop,Windows 10,Chrome 86.0.4240.183,1024x768,1024x625,,Demographic variables,12,Meta-first,No,education,Bachelor's degree
5,1.60484E+12,08/11/2020 12:59,1.60484E+12,0,08/11/2020 12:59,12022,43,questionnaire-ynxa,,7648629,BLIND,2267214,,live,,,computer,Desktop or Laptop,Windows 10,Chrome 86.0.4240.183,1024x768,1024x625,,Demographic variables,12,Meta-first,No,education-quantised,4
6,1.60484E+12,08/11/2020 12:59,1.60484E+12,0,08/11/2020 12:59,12022,43,questionnaire-ynxa,,7648629,BLIND,2267214,,live,,,computer,Desktop or Laptop,Windows 10,Chrome 86.0.4240.183,1024x768,1024x625,,Demographic variables,12,Meta-first,No,age,31
7,1.60484E+12,08/11/2020 12:59,1.60484E+12,0,08/11/2020 12:59,12022,43,questionnaire-ynxa,,7648629,BLIND,2267214,,live,,,computer,Desktop or Laptop,Windows 10,Chrome 86.0.4240.183,1024x768,1024x625,,Demographic variables,12,Meta-first,No,age-quantised,14
8,1.60484E+12,08/11/2020 12:59,1.60484E+12,0,08/11/2020 12:59,12022,43,questionnaire-ynxa,,7648629,BLIND,2267214,,live,,,computer,Desktop or Laptop,Windows 10,Chrome 86.0.4240.183,1024x768,1024x625,,Demographic variables,12,Meta-first,No,prolific ID,5f6674b8ff4a11134f4ff972
9,1.60484E+12,08/11/2020 12:59,1.60484E+12,0,08/11/2020 12:59,12022,43,questionnaire-ynxa,,7648629,BLIND,2267214,,live,,,computer,Desktop or Laptop,Windows 10,Chrome 86.0.4240.183,1024x768,1024x625,,Demographic variables,12,Meta-first,No,END QUESTIONNAIRE,23287
1,1.60484E+12,08/11/2020 12:59,1.60484E+12,1,08/11/2020 13:59,12022,43,questionnaire-ynxa,,7648641,BLIND,2267197,,complete,fvwojj,,computer,Desktop or Laptop,Windows 10,Chrome 86.0.4240.183,1280x1024,1280x891,,Demographic variables,12,Menta-first,No,BEGIN QUESTIONNAIRE,
2,1.60484E+12,08/11/2020 13:00,1.60484E+12,1,08/11/2020 14:00,12022,43,questionnaire-ynxa,,7648641,BLIND,2267197,,complete,fvwojj,,computer,Desktop or Laptop,Windows 10,Chrome 86.0.4240.183,1280x1024,1280x891,,Demographic variables,12,Menta-first,No,Gender ,Male
3,1.60484E+12,08/11/2020 13:00,1.60484E+12,1,08/11/2020 14:00,12022,43,questionnaire-ynxa,,7648641,BLIND,2267197,,complete,fvwojj,,computer,Desktop or Laptop,Windows 10,Chrome 86.0.4240.183,1280x1024,1280x891,,Demographic variables,12,Menta-first,No,Gender -quantised,2
4,1.60484E+12,08/11/2020 13:00,1.60484E+12,1,08/11/2020 14:00,12022,43,questionnaire-ynxa,,7648641,BLIND,2267197,,complete,fvwojj,,computer,Desktop or Laptop,Windows 10,Chrome 86.0.4240.183,1280x1024,1280x891,,Demographic variables,12,Menta-first,No,education,Some college
5,1.60484E+12,08/11/2020 13:00,1.60484E+12,1,08/11/2020 14:00,12022,43,questionnaire-ynxa,,7648641,BLIND,2267197,,complete,fvwojj,,computer,Desktop or Laptop,Windows 10,Chrome 86.0.4240.183,1280x1024,1280x891,,Demographic variables,12,Menta-first,No,education-quantised,3
6,1.60484E+12,08/11/2020 13:00,1.60484E+12,1,08/11/2020 14:00,12022,43,questionnaire-ynxa,,7648641,BLIND,2267197,,complete,fvwojj,,computer,Desktop or Laptop,Windows 10,Chrome 86.0.4240.183,1280x1024,1280x891,,Demographic variables,12,Menta-first,No,age,44
7,1.60484E+12,08/11/2020 13:00,1.60484E+12,1,08/11/2020 14:00,12022,43,questionnaire-ynxa,,7648641,BLIND,2267197,,complete,fvwojj,,computer,Desktop or Laptop,Windows 10,Chrome 86.0.4240.183,1280x1024,1280x891,,Demographic variables,12,Menta-first,No,age-quantised,27
8,1.60484E+12,08/11/2020 13:00,1.60484E+12,1,08/11/2020 14:00,12022,43,questionnaire-ynxa,,7648641,BLIND,2267197,,complete,fvwojj,,computer,Desktop or Laptop,Windows 10,Chrome 86.0.4240.183,1280x1024,1280x891,,Demographic variables,12,Menta-first,No,prolific ID,5bcf309b15678a00017fcccb
9,1.60484E+12,08/11/2020 13:00,1.60484E+12,1,08/11/2020 14:00,12022,43,questionnaire-ynxa,,7648641,BLIND,2267197,,complete,fvwojj,,computer,Desktop or Laptop,Windows 10,Chrome 86.0.4240.183,1280x1024,1280x891,,Demographic variables,12,Menta-first,No,END QUESTIONNAIRE,79077
1,1.60484E+12,08/11/2020 12:59,1.60484E+12,1,08/11/2020 13:59,12022,43,questionnaire-ynxa,,7648644,BLIND,2267210,,complete,bfmpkm,,computer,Desktop or Laptop,Windows 7,Chrome 85.0.4183.121,1366x768,1303x697,,Demographic variables,12,Meta-first,No,BEGIN QUESTIONNAIRE,
2,1.60484E+12,08/11/2020 13:01,1.60484E+12,1,08/11/2020 14:01,12022,43,questionnaire-ynxa,,7648644,BLIND,2267210,,complete,bfmpkm,,computer,Desktop or Laptop,Windows 7,Chrome 85.0.4183.121,1366x768,1303x697,,Demographic variables,12,Meta-first,No,Gender ,Female
3,1.60484E+12,08/11/2020 13:01,1.60484E+12,1,08/11/2020 14:01,12022,43,questionnaire-ynxa,,7648644,BLIND,2267210,,complete,bfmpkm,,computer,Desktop or Laptop,Windows 7,Chrome 85.0.4183.121,1366x768,1303x697,,Demographic variables,12,Meta-first,No,Gender -quantised,1
4,1.60484E+12,08/11/2020 13:01,1.60484E+12,1,08/11/2020 14:01,12022,43,questionnaire-ynxa,,7648644,BLIND,2267210,,complete,bfmpkm,,computer,Desktop or Laptop,Windows 7,Chrome 85.0.4183.121,1366x768,1303x697,,Demographic variables,12,Meta-first,No,education,Bachelor's degree
5,1.60484E+12,08/11/2020 13:01,1.60484E+12,1,08/11/2020 14:01,12022,43,questionnaire-ynxa,,7648644,BLIND,2267210,,complete,bfmpkm,,computer,Desktop or Laptop,Windows 7,Chrome 85.0.4183.121,1366x768,1303x697,,Demographic variables,12,Meta-first,No,education-quantised,4
6,1.60484E+12,08/11/2020 13:01,1.60484E+12,1,08/11/2020 14:01,12022,43,questionnaire-ynxa,,7648644,BLIND,2267210,,complete,bfmpkm,,computer,Desktop or Laptop,Windows 7,Chrome 85.0.4183.121,1366x768,1303x697,,Demographic variables,12,Meta-first,No,age,24
7,1.60484E+12,08/11/2020 13:01,1.60484E+12,1,08/11/2020 14:01,12022,43,questionnaire-ynxa,,7648644,BLIND,2267210,,complete,bfmpkm,,computer,Desktop or Laptop,Windows 7,Chrome 85.0.4183.121,1366x768,1303x697,,Demographic variables,12,Meta-first,No,age-quantised,7
8,1.60484E+12,08/11/2020 13:01,1.60484E+12,1,08/11/2020 14:01,12022,43,questionnaire-ynxa,,7648644,BLIND,2267210,,complete,bfmpkm,,computer,Desktop or Laptop,Windows 7,Chrome 85.0.4183.121,1366x768,1303x697,,Demographic variables,12,Meta-first,No,prolific ID,5f299dcd0f4c5e0e006ba7cd
9,1.60484E+12,08/11/2020 13:01,1.60484E+12,1,08/11/2020 14:01,12022,43,questionnaire-ynxa,,7648644,BLIND,2267210,,complete,bfmpkm,,computer,Desktop or Laptop,Windows 7,Chrome 85.0.4183.121,1366x768,1303x697,,Demographic variables,12,Meta-first,No,END QUESTIONNAIRE,70080
1,1.60484E+12,08/11/2020 13:04,1.60484E+12,0,08/11/2020 13:04,12022,43,questionnaire-ynxa,,7648683,BLIND,2267229,,live,,,computer,Desktop or Laptop,Mac OS 10.12.6,Chrome 86.0.4240.111,1440x900,1440x789,,Demographic variables,12,Menta-first,No,BEGIN QUESTIONNAIRE,
2,1.60484E+12,08/11/2020 13:04,1.60484E+12,0,08/11/2020 13:04,12022,43,questionnaire-ynxa,,7648683,BLIND,2267229,,live,,,computer,Desktop or Laptop,Mac OS 10.12.6,Chrome 86.0.4240.111,1440x900,1440x789,,Demographic variables,12,Menta-first,No,Gender ,Female
3,1.60484E+12,08/11/2020 13:04,1.60484E+12,0,08/11/2020 13:04,12022,43,questionnaire-ynxa,,7648683,BLIND,2267229,,live,,,computer,Desktop or Laptop,Mac OS 10.12.6,Chrome 86.0.4240.111,1440x900,1440x789,,Demographic variables,12,Menta-first,No,Gender -quantised,1
4,1.60484E+12,08/11/2020 13:04,1.60484E+12,0,08/11/2020 13:04,12022,43,questionnaire-ynxa,,7648683,BLIND,2267229,,live,,,computer,Desktop or Laptop,Mac OS 10.12.6,Chrome 86.0.4240.111,1440x900,1440x789,,Demographic variables,12,Menta-first,No,education,Bachelor's degree
5,1.60484E+12,08/11/2020 13:04,1.60484E+12,0,08/11/2020 13:04,12022,43,questionnaire-ynxa,,7648683,BLIND,2267229,,live,,,computer,Desktop or Laptop,Mac OS 10.12.6,Chrome 86.0.4240.111,1440x900,1440x789,,Demographic variables,12,Menta-first,No,education-quantised,4
6,1.60484E+12,08/11/2020 13:04,1.60484E+12,0,08/11/2020 13:04,12022,43,questionnaire-ynxa,,7648683,BLIND,2267229,,live,,,computer,Desktop or Laptop,Mac OS 10.12.6,Chrome 86.0.4240.111,1440x900,1440x789,,Demographic variables,12,Menta-first,No,age,36
7,1.60484E+12,08/11/2020 13:04,1.60484E+12,0,08/11/2020 13:04,12022,43,questionnaire-ynxa,,7648683,BLIND,2267229,,live,,,computer,Desktop or Laptop,Mac OS 10.12.6,Chrome 86.0.4240.111,1440x900,1440x789,,Demographic variables,12,Menta-first,No,age-quantised,19
8,1.60484E+12,08/11/2020 13:04,1.60484E+12,0,08/11/2020 13:04,12022,43,questionnaire-ynxa,,7648683,BLIND,2267229,,live,,,computer,Desktop or Laptop,Mac OS 10.12.6,Chrome 86.0.4240.111,1440x900,1440x789,,Demographic variables,12,Menta-first,No,prolific ID,5f7959d0b6791155e6932dd1
9,1.60484E+12,08/11/2020 13:04,1.60484E+12,0,08/11/2020 13:04,12022,43,questionnaire-ynxa,,7648683,BLIND,2267229,,live,,,computer,Desktop or Laptop,Mac OS 10.12.6,Chrome 86.0.4240.111,1440x900,1440x789,,Demographic variables,12,Menta-first,No,END QUESTIONNAIRE,30709
1,1.60484E+12,08/11/2020 13:51,1.60484E+12,1,08/11/2020 14:51,12022,43,questionnaire-ynxa,,7649178,BLIND,2267396,,complete,gqjxza,,computer,Desktop or Laptop,Windows 10,Chrome 86.0.4240.183,2560x1440,2560x1329,,Demographic variables,12,Meta-first,No,BEGIN QUESTIONNAIRE,
2,1.60484E+12,08/11/2020 13:51,1.60484E+12,1,08/11/2020 14:51,12022,43,questionnaire-ynxa,,7649178,BLIND,2267396,,complete,gqjxza,,computer,Desktop or Laptop,Windows 10,Chrome 86.0.4240.183,2560x1440,2560x1329,,Demographic variables,12,Meta-first,No,Gender ,Male
3,1.60484E+12,08/11/2020 13:51,1.60484E+12,1,08/11/2020 14:51,12022,43,questionnaire-ynxa,,7649178,BLIND,2267396,,complete,gqjxza,,computer,Desktop or Laptop,Windows 10,Chrome 86.0.4240.183,2560x1440,2560x1329,,Demographic variables,12,Meta-first,No,Gender -quantised,2
4,1.60484E+12,08/11/2020 13:51,1.60484E+12,1,08/11/2020 14:51,12022,43,questionnaire-ynxa,,7649178,BLIND,2267396,,complete,gqjxza,,computer,Desktop or Laptop,Windows 10,Chrome 86.0.4240.183,2560x1440,2560x1329,,Demographic variables,12,Meta-first,No,education,Master's degree
5,1.60484E+12,08/11/2020 13:51,1.60484E+12,1,08/11/2020 14:51,12022,43,questionnaire-ynxa,,7649178,BLIND,2267396,,complete,gqjxza,,computer,Desktop or Laptop,Windows 10,Chrome 86.0.4240.183,2560x1440,2560x1329,,Demographic variables,12,Meta-first,No,education-quantised,5
6,1.60484E+12,08/11/2020 13:51,1.60484E+12,1,08/11/2020 14:51,12022,43,questionnaire-ynxa,,7649178,BLIND,2267396,,complete,gqjxza,,computer,Desktop or Laptop,Windows 10,Chrome 86.0.4240.183,2560x1440,2560x1329,,Demographic variables,12,Meta-first,No,age,23
7,1.60484E+12,08/11/2020 13:51,1.60484E+12,1,08/11/2020 14:51,12022,43,questionnaire-ynxa,,7649178,BLIND,2267396,,complete,gqjxza,,computer,Desktop or Laptop,Windows 10,Chrome 86.0.4240.183,2560x1440,2560x1329,,Demographic variables,12,Meta-first,No,age-quantised,6
8,1.60484E+12,08/11/2020 13:51,1.60484E+12,1,08/11/2020 14:51,12022,43,questionnaire-ynxa,,7649178,BLIND,2267396,,complete,gqjxza,,computer,Desktop or Laptop,Windows 10,Chrome 86.0.4240.183,2560x1440,2560x1329,,Demographic variables,12,Meta-first,No,prolific ID,5ea936e503a71a000af12d7b
9,1.60484E+12,08/11/2020 13:51,1.60484E+12,1,08/11/2020 14:51,12022,43,questionnaire-ynxa,,7649178,BLIND,2267396,,complete,gqjxza,,computer,Desktop or Laptop,Windows 10,Chrome 86.0.4240.183,2560x1440,2560x1329,,Demographic variables,12,Meta-first,No,END QUESTIONNAIRE,7670
1,1.60484E+12,08/11/2020 14:10,1.60484E+12,1,08/11/2020 15:10,12022,43,questionnaire-ynxa,,7649395,BLIND,2267470,,complete,mmlfdb,,computer,Desktop or Laptop,Windows 10,Chrome 86.0.4240.183,1920x1080,1920x969,,Demographic variables,12,Meta-first,No,BEGIN QUESTIONNAIRE,
2,1.60484E+12,08/11/2020 14:11,1.60484E+12,1,08/11/2020 15:11,12022,43,questionnaire-ynxa,,7649395,BLIND,2267470,,complete,mmlfdb,,computer,Desktop or Laptop,Windows 10,Chrome 86.0.4240.183,1920x1080,1920x969,,Demographic variables,12,Meta-first,No,Gender ,Male
3,1.60484E+12,08/11/2020 14:11,1.60484E+12,1,08/11/2020 15:11,12022,43,questionnaire-ynxa,,7649395,BLIND,2267470,,complete,mmlfdb,,computer,Desktop or Laptop,Windows 10,Chrome 86.0.4240.183,1920x1080,1920x969,,Demographic variables,12,Meta-first,No,Gender -quantised,2
4,1.60484E+12,08/11/2020 14:11,1.60484E+12,1,08/11/2020 15:11,12022,43,questionnaire-ynxa,,7649395,BLIND,2267470,,complete,mmlfdb,,computer,Desktop or Laptop,Windows 10,Chrome 86.0.4240.183,1920x1080,1920x969,,Demographic variables,12,Meta-first,No,education,Some college
5,1.60484E+12,08/11/2020 14:11,1.60484E+12,1,08/11/2020 15:11,12022,43,questionnaire-ynxa,,7649395,BLIND,2267470,,complete,mmlfdb,,computer,Desktop or Laptop,Windows 10,Chrome 86.0.4240.183,1920x1080,1920x969,,Demographic variables,12,Meta-first,No,education-quantised,3
6,1.60484E+12,08/11/2020 14:11,1.60484E+12,1,08/11/2020 15:11,12022,43,questionnaire-ynxa,,7649395,BLIND,2267470,,complete,mmlfdb,,computer,Desktop or Laptop,Windows 10,Chrome 86.0.4240.183,1920x1080,1920x969,,Demographic variables,12,Meta-first,No,age,21
7,1.60484E+12,08/11/2020 14:11,1.60484E+12,1,08/11/2020 15:11,12022,43,questionnaire-ynxa,,7649395,BLIND,2267470,,complete,mmlfdb,,computer,Desktop or Laptop,Windows 10,Chrome 86.0.4240.183,1920x1080,1920x969,,Demographic variables,12,Meta-first,No,age-quantised,4
8,1.60484E+12,08/11/2020 14:11,1.60484E+12,1,08/11/2020 15:11,12022,43,questionnaire-ynxa,,7649395,BLIND,2267470,,complete,mmlfdb,,computer,Desktop or Laptop,Windows 10,Chrome 86.0.4240.183,1920x1080,1920x969,,Demographic variables,12,Meta-first,No,prolific ID,5f661b5e3512a71b39229e76
9,1.60484E+12,08/11/2020 14:11,1.60484E+12,1,08/11/2020 15:11,12022,43,questionnaire-ynxa,,7649395,BLIND,2267470,,complete,mmlfdb,,computer,Desktop or Laptop,Windows 10,Chrome 86.0.4240.183,1920x1080,1920x969,,Demographic variables,12,Meta-first,No,END QUESTIONNAIRE,19034
1,1.60491E+12,09/11/2020 09:12,1.60491E+12,0,09/11/2020 09:12,12022,43,questionnaire-ynxa,,7662044,BLIND,2270548,,complete,lalsbd,,computer,Desktop or Laptop,Windows 10,Chrome 86.0.4240.183,1920x1080,1920x937,,Demographic variables,12,Meta-first,No,BEGIN QUESTIONNAIRE,
2,1.60491E+12,09/11/2020 09:14,1.60491E+12,0,09/11/2020 09:14,12022,43,questionnaire-ynxa,,7662044,BLIND,2270548,,complete,lalsbd,,computer,Desktop or Laptop,Windows 10,Chrome 86.0.4240.183,1920x1080,1920x937,,Demographic variables,12,Meta-first,No,Gender ,Male
3,1.60491E+12,09/11/2020 09:14,1.60491E+12,0,09/11/2020 09:14,12022,43,questionnaire-ynxa,,7662044,BLIND,2270548,,complete,lalsbd,,computer,Desktop or Laptop,Windows 10,Chrome 86.0.4240.183,1920x1080,1920x937,,Demographic variables,12,Meta-first,No,Gender -quantised,2
4,1.60491E+12,09/11/2020 09:14,1.60491E+12,0,09/11/2020 09:14,12022,43,questionnaire-ynxa,,7662044,BLIND,2270548,,complete,lalsbd,,computer,Desktop or Laptop,Windows 10,Chrome 86.0.4240.183,1920x1080,1920x937,,Demographic variables,12,Meta-first,No,education,Master's degree
5,1.60491E+12,09/11/2020 09:14,1.60491E+12,0,09/11/2020 09:14,12022,43,questionnaire-ynxa,,7662044,BLIND,2270548,,complete,lalsbd,,computer,Desktop or Laptop,Windows 10,Chrome 86.0.4240.183,1920x1080,1920x937,,Demographic variables,12,Meta-first,No,education-quantised,5
6,1.60491E+12,09/11/2020 09:14,1.60491E+12,0,09/11/2020 09:14,12022,43,questionnaire-ynxa,,7662044,BLIND,2270548,,complete,lalsbd,,computer,Desktop or Laptop,Windows 10,Chrome 86.0.4240.183,1920x1080,1920x937,,Demographic variables,12,Meta-first,No,age,25
7,1.60491E+12,09/11/2020 09:14,1.60491E+12,0,09/11/2020 09:14,12022,43,questionnaire-ynxa,,7662044,BLIND,2270548,,complete,lalsbd,,computer,Desktop or Laptop,Windows 10,Chrome 86.0.4240.183,1920x1080,1920x937,,Demographic variables,12,Meta-first,No,age-quantised,8
8,1.60491E+12,09/11/2020 09:14,1.60491E+12,0,09/11/2020 09:14,12022,43,questionnaire-ynxa,,7662044,BLIND,2270548,,complete,lalsbd,,computer,Desktop or Laptop,Windows 10,Chrome 86.0.4240.183,1920x1080,1920x937,,Demographic variables,12,Meta-first,No,prolific ID,5f4c45c867c09714878b6217
9,1.60491E+12,09/11/2020 09:14,1.60491E+12,0,09/11/2020 09:14,12022,43,questionnaire-ynxa,,7662044,BLIND,2270548,,complete,lalsbd,,computer,Desktop or Laptop,Windows 10,Chrome 86.0.4240.183,1920x1080,1920x937,,Demographic variables,12,Meta-first,No,END QUESTIONNAIRE,83824
1,1.60491E+12,09/11/2020 09:12,1.60491E+12,1,09/11/2020 10:12,12022,43,questionnaire-ynxa,,7662055,BLIND,2270546,,complete,fmvltc,,computer,Desktop or Laptop,Windows 10,Firefox 82.0,1920x1080,1920x938,,Demographic variables,12,Menta-first,No,BEGIN QUESTIONNAIRE,
2,1.60491E+12,09/11/2020 09:13,1.60491E+12,1,09/11/2020 10:13,12022,43,questionnaire-ynxa,,7662055,BLIND,2270546,,complete,fmvltc,,computer,Desktop or Laptop,Windows 10,Firefox 82.0,1920x1080,1920x938,,Demographic variables,12,Menta-first,No,Gender ,Male
3,1.60491E+12,09/11/2020 09:13,1.60491E+12,1,09/11/2020 10:13,12022,43,questionnaire-ynxa,,7662055,BLIND,2270546,,complete,fmvltc,,computer,Desktop or Laptop,Windows 10,Firefox 82.0,1920x1080,1920x938,,Demographic variables,12,Menta-first,No,Gender -quantised,2
4,1.60491E+12,09/11/2020 09:13,1.60491E+12,1,09/11/2020 10:13,12022,43,questionnaire-ynxa,,7662055,BLIND,2270546,,complete,fmvltc,,computer,Desktop or Laptop,Windows 10,Firefox 82.0,1920x1080,1920x938,,Demographic variables,12,Menta-first,No,education,Bachelor's degree
5,1.60491E+12,09/11/2020 09:13,1.60491E+12,1,09/11/2020 10:13,12022,43,questionnaire-ynxa,,7662055,BLIND,2270546,,complete,fmvltc,,computer,Desktop or Laptop,Windows 10,Firefox 82.0,1920x1080,1920x938,,Demographic variables,12,Menta-first,No,education-quantised,4
6,1.60491E+12,09/11/2020 09:13,1.60491E+12,1,09/11/2020 10:13,12022,43,questionnaire-ynxa,,7662055,BLIND,2270546,,complete,fmvltc,,computer,Desktop or Laptop,Windows 10,Firefox 82.0,1920x1080,1920x938,,Demographic variables,12,Menta-first,No,age,32
7,1.60491E+12,09/11/2020 09:13,1.60491E+12,1,09/11/2020 10:13,12022,43,questionnaire-ynxa,,7662055,BLIND,2270546,,complete,fmvltc,,computer,Desktop or Laptop,Windows 10,Firefox 82.0,1920x1080,1920x938,,Demographic variables,12,Menta-first,No,age-quantised,15
8,1.60491E+12,09/11/2020 09:13,1.60491E+12,1,09/11/2020 10:13,12022,43,questionnaire-ynxa,,7662055,BLIND,2270546,,complete,fmvltc,,computer,Desktop or Laptop,Windows 10,Firefox 82.0,1920x1080,1920x938,,Demographic variables,12,Menta-first,No,prolific ID,5dea808cce8d8d19f5424b21
9,1.60491E+12,09/11/2020 09:13,1.60491E+12,1,09/11/2020 10:13,12022,43,questionnaire-ynxa,,7662055,BLIND,2270546,,complete,fmvltc,,computer,Desktop or Laptop,Windows 10,Firefox 82.0,1920x1080,1920x938,,Demographic variables,12,Menta-first,No,END QUESTIONNAIRE,47324
1,1.60491E+12,09/11/2020 09:13,1.60491E+12,1,09/11/2020 10:13,12022,43,questionnaire-ynxa,,7662115,BLIND,2270540,,live,,,computer,Desktop or Laptop,Windows 10,Chrome 86.0.4240.183,1536x864,1536x722,,Demographic variables,12,Meta-first,No,BEGIN QUESTIONNAIRE,
2,1.60491E+12,09/11/2020 09:13,1.60491E+12,1,09/11/2020 10:13,12022,43,questionnaire-ynxa,,7662115,BLIND,2270540,,live,,,computer,Desktop or Laptop,Windows 10,Chrome 86.0.4240.183,1536x864,1536x722,,Demographic variables,12,Meta-first,No,Gender ,Female
3,1.60491E+12,09/11/2020 09:13,1.60491E+12,1,09/11/2020 10:13,12022,43,questionnaire-ynxa,,7662115,BLIND,2270540,,live,,,computer,Desktop or Laptop,Windows 10,Chrome 86.0.4240.183,1536x864,1536x722,,Demographic variables,12,Meta-first,No,Gender -quantised,1
4,1.60491E+12,09/11/2020 09:13,1.60491E+12,1,09/11/2020 10:13,12022,43,questionnaire-ynxa,,7662115,BLIND,2270540,,live,,,computer,Desktop or Laptop,Windows 10,Chrome 86.0.4240.183,1536x864,1536x722,,Demographic variables,12,Meta-first,No,education,High school or equivalent
5,1.60491E+12,09/11/2020 09:13,1.60491E+12,1,09/11/2020 10:13,12022,43,questionnaire-ynxa,,7662115,BLIND,2270540,,live,,,computer,Desktop or Laptop,Windows 10,Chrome 86.0.4240.183,1536x864,1536x722,,Demographic variables,12,Meta-first,No,education-quantised,2
6,1.60491E+12,09/11/2020 09:13,1.60491E+12,1,09/11/2020 10:13,12022,43,questionnaire-ynxa,,7662115,BLIND,2270540,,live,,,computer,Desktop or Laptop,Windows 10,Chrome 86.0.4240.183,1536x864,1536x722,,Demographic variables,12,Meta-first,No,age,18
7,1.60491E+12,09/11/2020 09:13,1.60491E+12,1,09/11/2020 10:13,12022,43,questionnaire-ynxa,,7662115,BLIND,2270540,,live,,,computer,Desktop or Laptop,Windows 10,Chrome 86.0.4240.183,1536x864,1536x722,,Demographic variables,12,Meta-first,No,age-quantised,1
8,1.60491E+12,09/11/2020 09:13,1.60491E+12,1,09/11/2020 10:13,12022,43,questionnaire-ynxa,,7662115,BLIND,2270540,,live,,,computer,Desktop or Laptop,Windows 10,Chrome 86.0.4240.183,1536x864,1536x722,,Demographic variables,12,Meta-first,No,prolific ID,5f3fcd74aaa416066a39db29
9,1.60491E+12,09/11/2020 09:13,1.60491E+12,1,09/11/2020 10:13,12022,43,questionnaire-ynxa,,7662115,BLIND,2270540,,live,,,computer,Desktop or Laptop,Windows 10,Chrome 86.0.4240.183,1536x864,1536x722,,Demographic variables,12,Meta-first,No,END QUESTIONNAIRE,34714
1,1.60491E+12,09/11/2020 09:14,1.60491E+12,0,09/11/2020 09:14,12022,43,questionnaire-ynxa,,7662181,BLIND,2270555,,complete,ajqgmy,,computer,Desktop or Laptop,Windows 10,Chrome 86.0.4240.111,1280x720,1280x610,,Demographic variables,12,Menta-first,No,BEGIN QUESTIONNAIRE,
2,1.60491E+12,09/11/2020 09:14,1.60491E+12,0,09/11/2020 09:14,12022,43,questionnaire-ynxa,,7662181,BLIND,2270555,,complete,ajqgmy,,computer,Desktop or Laptop,Windows 10,Chrome 86.0.4240.111,1280x720,1280x610,,Demographic variables,12,Menta-first,No,Gender ,Female
3,1.60491E+12,09/11/2020 09:14,1.60491E+12,0,09/11/2020 09:14,12022,43,questionnaire-ynxa,,7662181,BLIND,2270555,,complete,ajqgmy,,computer,Desktop or Laptop,Windows 10,Chrome 86.0.4240.111,1280x720,1280x610,,Demographic variables,12,Menta-first,No,Gender -quantised,1
4,1.60491E+12,09/11/2020 09:14,1.60491E+12,0,09/11/2020 09:14,12022,43,questionnaire-ynxa,,7662181,BLIND,2270555,,complete,ajqgmy,,computer,Desktop or Laptop,Windows 10,Chrome 86.0.4240.111,1280x720,1280x610,,Demographic variables,12,Menta-first,No,education,Bachelor's degree
5,1.60491E+12,09/11/2020 09:14,1.60491E+12,0,09/11/2020 09:14,12022,43,questionnaire-ynxa,,7662181,BLIND,2270555,,complete,ajqgmy,,computer,Desktop or Laptop,Windows 10,Chrome 86.0.4240.111,1280x720,1280x610,,Demographic variables,12,Menta-first,No,education-quantised,4
6,1.60491E+12,09/11/2020 09:14,1.60491E+12,0,09/11/2020 09:14,12022,43,questionnaire-ynxa,,7662181,BLIND,2270555,,complete,ajqgmy,,computer,Desktop or Laptop,Windows 10,Chrome 86.0.4240.111,1280x720,1280x610,,Demographic variables,12,Menta-first,No,age,21
7,1.60491E+12,09/11/2020 09:14,1.60491E+12,0,09/11/2020 09:14,12022,43,questionnaire-ynxa,,7662181,BLIND,2270555,,complete,ajqgmy,,computer,Desktop or Laptop,Windows 10,Chrome 86.0.4240.111,1280x720,1280x610,,Demographic variables,12,Menta-first,No,age-quantised,4
8,1.60491E+12,09/11/2020 09:14,1.60491E+12,0,09/11/2020 09:14,12022,43,questionnaire-ynxa,,7662181,BLIND,2270555,,complete,ajqgmy,,computer,Desktop or Laptop,Windows 10,Chrome 86.0.4240.111,1280x720,1280x610,,Demographic variables,12,Menta-first,No,prolific ID,5f47f3b9fc6fe9258a173513
9,1.60491E+12,09/11/2020 09:14,1.60491E+12,0,09/11/2020 09:14,12022,43,questionnaire-ynxa,,7662181,BLIND,2270555,,complete,ajqgmy,,computer,Desktop or Laptop,Windows 10,Chrome 86.0.4240.111,1280x720,1280x610,,Demographic variables,12,Menta-first,No,END QUESTIONNAIRE,29662
1,1.60491E+12,09/11/2020 09:14,1.60491E+12,1,09/11/2020 10:14,12022,43,questionnaire-ynxa,,7662212,BLIND,2270551,,complete,gzmmdw,,computer,Desktop or Laptop,Windows 10,Chrome 86.0.4240.183,1920x1080,1920x937,,Demographic variables,12,Meta-first,No,BEGIN QUESTIONNAIRE,
2,1.60491E+12,09/11/2020 09:14,1.60491E+12,1,09/11/2020 10:14,12022,43,questionnaire-ynxa,,7662212,BLIND,2270551,,complete,gzmmdw,,computer,Desktop or Laptop,Windows 10,Chrome 86.0.4240.183,1920x1080,1920x937,,Demographic variables,12,Meta-first,No,Gender ,Male
3,1.60491E+12,09/11/2020 09:14,1.60491E+12,1,09/11/2020 10:14,12022,43,questionnaire-ynxa,,7662212,BLIND,2270551,,complete,gzmmdw,,computer,Desktop or Laptop,Windows 10,Chrome 86.0.4240.183,1920x1080,1920x937,,Demographic variables,12,Meta-first,No,Gender -quantised,2
4,1.60491E+12,09/11/2020 09:14,1.60491E+12,1,09/11/2020 10:14,12022,43,questionnaire-ynxa,,7662212,BLIND,2270551,,complete,gzmmdw,,computer,Desktop or Laptop,Windows 10,Chrome 86.0.4240.183,1920x1080,1920x937,,Demographic variables,12,Meta-first,No,education,High school or equivalent
5,1.60491E+12,09/11/2020 09:14,1.60491E+12,1,09/11/2020 10:14,12022,43,questionnaire-ynxa,,7662212,BLIND,2270551,,complete,gzmmdw,,computer,Desktop or Laptop,Windows 10,Chrome 86.0.4240.183,1920x1080,1920x937,,Demographic variables,12,Meta-first,No,education-quantised,2
6,1.60491E+12,09/11/2020 09:14,1.60491E+12,1,09/11/2020 10:14,12022,43,questionnaire-ynxa,,7662212,BLIND,2270551,,complete,gzmmdw,,computer,Desktop or Laptop,Windows 10,Chrome 86.0.4240.183,1920x1080,1920x937,,Demographic variables,12,Meta-first,No,age,19
7,1.60491E+12,09/11/2020 09:14,1.60491E+12,1,09/11/2020 10:14,12022,43,questionnaire-ynxa,,7662212,BLIND,2270551,,complete,gzmmdw,,computer,Desktop or Laptop,Windows 10,Chrome 86.0.4240.183,1920x1080,1920x937,,Demographic variables,12,Meta-first,No,age-quantised,2
8,1.60491E+12,09/11/2020 09:14,1.60491E+12,1,09/11/2020 10:14,12022,43,questionnaire-ynxa,,7662212,BLIND,2270551,,complete,gzmmdw,,computer,Desktop or Laptop,Windows 10,Chrome 86.0.4240.183,1920x1080,1920x937,,Demographic variables,12,Meta-first,No,prolific ID,5ea1923215139d04825f034b
9,1.60491E+12,09/11/2020 09:14,1.60491E+12,1,09/11/2020 10:14,12022,43,questionnaire-ynxa,,7662212,BLIND,2270551,,complete,gzmmdw,,computer,Desktop or Laptop,Windows 10,Chrome 86.0.4240.183,1920x1080,1920x937,,Demographic variables,12,Meta-first,No,END QUESTIONNAIRE,32515
1,1.60492E+12,09/11/2020 09:58,1.60492E+12,0,09/11/2020 09:58,12022,43,questionnaire-ynxa,,7664454,BLIND,2270543,,live,,,computer,Desktop or Laptop,Windows 10,Chrome 86.0.4240.183,1920x1080,1920x912,,Demographic variables,12,Meta-first,No,BEGIN QUESTIONNAIRE,
2,1.60492E+12,09/11/2020 09:59,1.60492E+12,0,09/11/2020 09:59,12022,43,questionnaire-ynxa,,7664454,BLIND,2270543,,live,,,computer,Desktop or Laptop,Windows 10,Chrome 86.0.4240.183,1920x1080,1920x912,,Demographic variables,12,Meta-first,No,Gender ,Male
3,1.60492E+12,09/11/2020 09:59,1.60492E+12,0,09/11/2020 09:59,12022,43,questionnaire-ynxa,,7664454,BLIND,2270543,,live,,,computer,Desktop or Laptop,Windows 10,Chrome 86.0.4240.183,1920x1080,1920x912,,Demographic variables,12,Meta-first,No,Gender -quantised,2
4,1.60492E+12,09/11/2020 09:59,1.60492E+12,0,09/11/2020 09:59,12022,43,questionnaire-ynxa,,7664454,BLIND,2270543,,live,,,computer,Desktop or Laptop,Windows 10,Chrome 86.0.4240.183,1920x1080,1920x912,,Demographic variables,12,Meta-first,No,education,Bachelor's degree
5,1.60492E+12,09/11/2020 09:59,1.60492E+12,0,09/11/2020 09:59,12022,43,questionnaire-ynxa,,7664454,BLIND,2270543,,live,,,computer,Desktop or Laptop,Windows 10,Chrome 86.0.4240.183,1920x1080,1920x912,,Demographic variables,12,Meta-first,No,education-quantised,4
6,1.60492E+12,09/11/2020 09:59,1.60492E+12,0,09/11/2020 09:59,12022,43,questionnaire-ynxa,,7664454,BLIND,2270543,,live,,,computer,Desktop or Laptop,Windows 10,Chrome 86.0.4240.183,1920x1080,1920x912,,Demographic variables,12,Meta-first,No,age,27
7,1.60492E+12,09/11/2020 09:59,1.60492E+12,0,09/11/2020 09:59,12022,43,questionnaire-ynxa,,7664454,BLIND,2270543,,live,,,computer,Desktop or Laptop,Windows 10,Chrome 86.0.4240.183,1920x1080,1920x912,,Demographic variables,12,Meta-first,No,age-quantised,10
8,1.60492E+12,09/11/2020 09:59,1.60492E+12,0,09/11/2020 09:59,12022,43,questionnaire-ynxa,,7664454,BLIND,2270543,,live,,,computer,Desktop or Laptop,Windows 10,Chrome 86.0.4240.183,1920x1080,1920x912,,Demographic variables,12,Meta-first,No,prolific ID,5f1594065b06710629a4c197
9,1.60492E+12,09/11/2020 09:59,1.60492E+12,0,09/11/2020 09:59,12022,43,questionnaire-ynxa,,7664454,BLIND,2270543,,live,,,computer,Desktop or Laptop,Windows 10,Chrome 86.0.4240.183,1920x1080,1920x912,,Demographic variables,12,Meta-first,No,END QUESTIONNAIRE,28543
1,1.60492E+12,09/11/2020 12:07,1.60492E+12,2,09/11/2020 14:07,12022,43,questionnaire-ynxa,,7666879,BLIND,2271907,,live,,,computer,Desktop or Laptop,Windows 10,Firefox 82.0,1920x1080,1920x948,,Demographic variables,12,Menta-first,No,BEGIN QUESTIONNAIRE,
2,1.60492E+12,09/11/2020 12:07,1.60492E+12,2,09/11/2020 14:07,12022,43,questionnaire-ynxa,,7666879,BLIND,2271907,,live,,,computer,Desktop or Laptop,Windows 10,Firefox 82.0,1920x1080,1920x948,,Demographic variables,12,Menta-first,No,Gender ,Male
3,1.60492E+12,09/11/2020 12:07,1.60492E+12,2,09/11/2020 14:07,12022,43,questionnaire-ynxa,,7666879,BLIND,2271907,,live,,,computer,Desktop or Laptop,Windows 10,Firefox 82.0,1920x1080,1920x948,,Demographic variables,12,Menta-first,No,Gender -quantised,2
4,1.60492E+12,09/11/2020 12:07,1.60492E+12,2,09/11/2020 14:07,12022,43,questionnaire-ynxa,,7666879,BLIND,2271907,,live,,,computer,Desktop or Laptop,Windows 10,Firefox 82.0,1920x1080,1920x948,,Demographic variables,12,Menta-first,No,education,Master's degree
5,1.60492E+12,09/11/2020 12:07,1.60492E+12,2,09/11/2020 14:07,12022,43,questionnaire-ynxa,,7666879,BLIND,2271907,,live,,,computer,Desktop or Laptop,Windows 10,Firefox 82.0,1920x1080,1920x948,,Demographic variables,12,Menta-first,No,education-quantised,5
6,1.60492E+12,09/11/2020 12:07,1.60492E+12,2,09/11/2020 14:07,12022,43,questionnaire-ynxa,,7666879,BLIND,2271907,,live,,,computer,Desktop or Laptop,Windows 10,Firefox 82.0,1920x1080,1920x948,,Demographic variables,12,Menta-first,No,age,36
7,1.60492E+12,09/11/2020 12:07,1.60492E+12,2,09/11/2020 14:07,12022,43,questionnaire-ynxa,,7666879,BLIND,2271907,,live,,,computer,Desktop or Laptop,Windows 10,Firefox 82.0,1920x1080,1920x948,,Demographic variables,12,Menta-first,No,age-quantised,19
8,1.60492E+12,09/11/2020 12:07,1.60492E+12,2,09/11/2020 14:07,12022,43,questionnaire-ynxa,,7666879,BLIND,2271907,,live,,,computer,Desktop or Laptop,Windows 10,Firefox 82.0,1920x1080,1920x948,,Demographic variables,12,Menta-first,No,prolific ID,5c41ef5ec4d08800012f0297
9,1.60492E+12,09/11/2020 12:07,1.60492E+12,2,09/11/2020 14:07,12022,43,questionnaire-ynxa,,7666879,BLIND,2271907,,live,,,computer,Desktop or Laptop,Windows 10,Firefox 82.0,1920x1080,1920x948,,Demographic variables,12,Menta-first,No,END QUESTIONNAIRE,20545
1,1.60492E+12,09/11/2020 12:11,1.60492E+12,0,09/11/2020 12:11,12022,43,questionnaire-ynxa,,7666977,BLIND,2271944,,live,,,computer,Desktop or Laptop,Windows 10,Chrome 86.0.4240.111,1366x768,681x657,,Demographic variables,12,Meta-first,No,BEGIN QUESTIONNAIRE,
2,1.60492E+12,09/11/2020 12:12,1.60492E+12,0,09/11/2020 12:12,12022,43,questionnaire-ynxa,,7666977,BLIND,2271944,,live,,,computer,Desktop or Laptop,Windows 10,Chrome 86.0.4240.111,1366x768,681x657,,Demographic variables,12,Meta-first,No,Gender ,Male
3,1.60492E+12,09/11/2020 12:12,1.60492E+12,0,09/11/2020 12:12,12022,43,questionnaire-ynxa,,7666977,BLIND,2271944,,live,,,computer,Desktop or Laptop,Windows 10,Chrome 86.0.4240.111,1366x768,681x657,,Demographic variables,12,Meta-first,No,Gender -quantised,2
4,1.60492E+12,09/11/2020 12:12,1.60492E+12,0,09/11/2020 12:12,12022,43,questionnaire-ynxa,,7666977,BLIND,2271944,,live,,,computer,Desktop or Laptop,Windows 10,Chrome 86.0.4240.111,1366x768,681x657,,Demographic variables,12,Meta-first,No,education,Some college
5,1.60492E+12,09/11/2020 12:12,1.60492E+12,0,09/11/2020 12:12,12022,43,questionnaire-ynxa,,7666977,BLIND,2271944,,live,,,computer,Desktop or Laptop,Windows 10,Chrome 86.0.4240.111,1366x768,681x657,,Demographic variables,12,Meta-first,No,education-quantised,3
6,1.60492E+12,09/11/2020 12:12,1.60492E+12,0,09/11/2020 12:12,12022,43,questionnaire-ynxa,,7666977,BLIND,2271944,,live,,,computer,Desktop or Laptop,Windows 10,Chrome 86.0.4240.111,1366x768,681x657,,Demographic variables,12,Meta-first,No,age,42
7,1.60492E+12,09/11/2020 12:12,1.60492E+12,0,09/11/2020 12:12,12022,43,questionnaire-ynxa,,7666977,BLIND,2271944,,live,,,computer,Desktop or Laptop,Windows 10,Chrome 86.0.4240.111,1366x768,681x657,,Demographic variables,12,Meta-first,No,age-quantised,25
8,1.60492E+12,09/11/2020 12:12,1.60492E+12,0,09/11/2020 12:12,12022,43,questionnaire-ynxa,,7666977,BLIND,2271944,,live,,,computer,Desktop or Laptop,Windows 10,Chrome 86.0.4240.111,1366x768,681x657,,Demographic variables,12,Meta-first,No,prolific ID,5c0822f550d77a000164d7ce
9,1.60492E+12,09/11/2020 12:12,1.60492E+12,0,09/11/2020 12:12,12022,43,questionnaire-ynxa,,7666977,BLIND,2271944,,live,,,computer,Desktop or Laptop,Windows 10,Chrome 86.0.4240.111,1366x768,681x657,,Demographic variables,12,Meta-first,No,END QUESTIONNAIRE,17083
1,1.60492E+12,09/11/2020 12:12,1.60492E+12,0,09/11/2020 12:12,12022,43,questionnaire-ynxa,,7666994,BLIND,2271947,,complete,nkijar,,computer,Desktop or Laptop,Windows 7,Chrome 86.0.4240.183,1600x900,1600x757,,Demographic variables,12,Menta-first,No,BEGIN QUESTIONNAIRE,
2,1.60492E+12,09/11/2020 12:12,1.60492E+12,0,09/11/2020 12:12,12022,43,questionnaire-ynxa,,7666994,BLIND,2271947,,complete,nkijar,,computer,Desktop or Laptop,Windows 7,Chrome 86.0.4240.183,1600x900,1600x757,,Demographic variables,12,Menta-first,No,Gender ,Female
3,1.60492E+12,09/11/2020 12:12,1.60492E+12,0,09/11/2020 12:12,12022,43,questionnaire-ynxa,,7666994,BLIND,2271947,,complete,nkijar,,computer,Desktop or Laptop,Windows 7,Chrome 86.0.4240.183,1600x900,1600x757,,Demographic variables,12,Menta-first,No,Gender -quantised,1
4,1.60492E+12,09/11/2020 12:12,1.60492E+12,0,09/11/2020 12:12,12022,43,questionnaire-ynxa,,7666994,BLIND,2271947,,complete,nkijar,,computer,Desktop or Laptop,Windows 7,Chrome 86.0.4240.183,1600x900,1600x757,,Demographic variables,12,Menta-first,No,education,Bachelor's degree
5,1.60492E+12,09/11/2020 12:12,1.60492E+12,0,09/11/2020 12:12,12022,43,questionnaire-ynxa,,7666994,BLIND,2271947,,complete,nkijar,,computer,Desktop or Laptop,Windows 7,Chrome 86.0.4240.183,1600x900,1600x757,,Demographic variables,12,Menta-first,No,education-quantised,4
6,1.60492E+12,09/11/2020 12:12,1.60492E+12,0,09/11/2020 12:12,12022,43,questionnaire-ynxa,,7666994,BLIND,2271947,,complete,nkijar,,computer,Desktop or Laptop,Windows 7,Chrome 86.0.4240.183,1600x900,1600x757,,Demographic variables,12,Menta-first,No,age,26
7,1.60492E+12,09/11/2020 12:12,1.60492E+12,0,09/11/2020 12:12,12022,43,questionnaire-ynxa,,7666994,BLIND,2271947,,complete,nkijar,,computer,Desktop or Laptop,Windows 7,Chrome 86.0.4240.183,1600x900,1600x757,,Demographic variables,12,Menta-first,No,age-quantised,9
8,1.60492E+12,09/11/2020 12:12,1.60492E+12,0,09/11/2020 12:12,12022,43,questionnaire-ynxa,,7666994,BLIND,2271947,,complete,nkijar,,computer,Desktop or Laptop,Windows 7,Chrome 86.0.4240.183,1600x900,1600x757,,Demographic variables,12,Menta-first,No,prolific ID,5f7f50b84de3e60cc5140897
9,1.60492E+12,09/11/2020 12:12,1.60492E+12,0,09/11/2020 12:12,12022,43,questionnaire-ynxa,,7666994,BLIND,2271947,,complete,nkijar,,computer,Desktop or Laptop,Windows 7,Chrome 86.0.4240.183,1600x900,1600x757,,Demographic variables,12,Menta-first,No,END QUESTIONNAIRE,15272
1,1.60493E+12,09/11/2020 13:25,1.60493E+12,1,09/11/2020 14:27,12022,43,questionnaire-ynxa,,7668724,BLIND,2272520,,live,,,computer,Desktop or Laptop,Windows 8.1,Firefox 82.0,1252x704,1252x600,,Demographic variables,12,Menta-first,No,BEGIN QUESTIONNAIRE,
2,1.60493E+12,09/11/2020 13:26,1.60493E+12,1,09/11/2020 14:27,12022,43,questionnaire-ynxa,,7668724,BLIND,2272520,,live,,,computer,Desktop or Laptop,Windows 8.1,Firefox 82.0,1252x704,1252x600,,Demographic variables,12,Menta-first,No,Gender ,Male
3,1.60493E+12,09/11/2020 13:26,1.60493E+12,1,09/11/2020 14:27,12022,43,questionnaire-ynxa,,7668724,BLIND,2272520,,live,,,computer,Desktop or Laptop,Windows 8.1,Firefox 82.0,1252x704,1252x600,,Demographic variables,12,Menta-first,No,Gender -quantised,2
4,1.60493E+12,09/11/2020 13:26,1.60493E+12,1,09/11/2020 14:27,12022,43,questionnaire-ynxa,,7668724,BLIND,2272520,,live,,,computer,Desktop or Laptop,Windows 8.1,Firefox 82.0,1252x704,1252x600,,Demographic variables,12,Menta-first,No,education,Some college
5,1.60493E+12,09/11/2020 13:26,1.60493E+12,1,09/11/2020 14:27,12022,43,questionnaire-ynxa,,7668724,BLIND,2272520,,live,,,computer,Desktop or Laptop,Windows 8.1,Firefox 82.0,1252x704,1252x600,,Demographic variables,12,Menta-first,No,education-quantised,3
6,1.60493E+12,09/11/2020 13:26,1.60493E+12,1,09/11/2020 14:27,12022,43,questionnaire-ynxa,,7668724,BLIND,2272520,,live,,,computer,Desktop or Laptop,Windows 8.1,Firefox 82.0,1252x704,1252x600,,Demographic variables,12,Menta-first,No,age,43
7,1.60493E+12,09/11/2020 13:26,1.60493E+12,1,09/11/2020 14:27,12022,43,questionnaire-ynxa,,7668724,BLIND,2272520,,live,,,computer,Desktop or Laptop,Windows 8.1,Firefox 82.0,1252x704,1252x600,,Demographic variables,12,Menta-first,No,age-quantised,26
8,1.60493E+12,09/11/2020 13:26,1.60493E+12,1,09/11/2020 14:27,12022,43,questionnaire-ynxa,,7668724,BLIND,2272520,,live,,,computer,Desktop or Laptop,Windows 8.1,Firefox 82.0,1252x704,1252x600,,Demographic variables,12,Menta-first,No,prolific ID,5ecaa7988473f05ebdfc107c 
9,1.60493E+12,09/11/2020 13:26,1.60493E+12,1,09/11/2020 14:27,12022,43,questionnaire-ynxa,,7668724,BLIND,2272520,,live,,,computer,Desktop or Laptop,Windows 8.1,Firefox 82.0,1252x704,1252x600,,Demographic variables,12,Menta-first,No,END QUESTIONNAIRE,41329
1,1.60491E+12,09/11/2020 09:29,1.60491E+12,1,09/11/2020 10:29,12022,43,questionnaire-ynxa,,7663496,BLIND,2270640,,live,,,computer,Desktop or Laptop,Windows 10,Chrome 86.0.4240.183,1536x864,1536x754,,Demographic variables,12,Meta-first,No,BEGIN QUESTIONNAIRE,
2,1.60491E+12,09/11/2020 09:29,1.60491E+12,1,09/11/2020 10:29,12022,43,questionnaire-ynxa,,7663496,BLIND,2270640,,live,,,computer,Desktop or Laptop,Windows 10,Chrome 86.0.4240.183,1536x864,1536x754,,Demographic variables,12,Meta-first,No,Gender ,Male
3,1.60491E+12,09/11/2020 09:29,1.60491E+12,1,09/11/2020 10:29,12022,43,questionnaire-ynxa,,7663496,BLIND,2270640,,live,,,computer,Desktop or Laptop,Windows 10,Chrome 86.0.4240.183,1536x864,1536x754,,Demographic variables,12,Meta-first,No,Gender -quantised,2
4,1.60491E+12,09/11/2020 09:29,1.60491E+12,1,09/11/2020 10:29,12022,43,questionnaire-ynxa,,7663496,BLIND,2270640,,live,,,computer,Desktop or Laptop,Windows 10,Chrome 86.0.4240.183,1536x864,1536x754,,Demographic variables,12,Meta-first,No,education,Some college
5,1.60491E+12,09/11/2020 09:29,1.60491E+12,1,09/11/2020 10:29,12022,43,questionnaire-ynxa,,7663496,BLIND,2270640,,live,,,computer,Desktop or Laptop,Windows 10,Chrome 86.0.4240.183,1536x864,1536x754,,Demographic variables,12,Meta-first,No,education-quantised,3
6,1.60491E+12,09/11/2020 09:29,1.60491E+12,1,09/11/2020 10:29,12022,43,questionnaire-ynxa,,7663496,BLIND,2270640,,live,,,computer,Desktop or Laptop,Windows 10,Chrome 86.0.4240.183,1536x864,1536x754,,Demographic variables,12,Meta-first,No,age,20
7,1.60491E+12,09/11/2020 09:29,1.60491E+12,1,09/11/2020 10:29,12022,43,questionnaire-ynxa,,7663496,BLIND,2270640,,live,,,computer,Desktop or Laptop,Windows 10,Chrome 86.0.4240.183,1536x864,1536x754,,Demographic variables,12,Meta-first,No,age-quantised,3
8,1.60491E+12,09/11/2020 09:29,1.60491E+12,1,09/11/2020 10:29,12022,43,questionnaire-ynxa,,7663496,BLIND,2270640,,live,,,computer,Desktop or Laptop,Windows 10,Chrome 86.0.4240.183,1536x864,1536x754,,Demographic variables,12,Meta-first,No,prolific ID,5f4970c400309b17a967dc95
9,1.60491E+12,09/11/2020 09:29,1.60491E+12,1,09/11/2020 10:29,12022,43,questionnaire-ynxa,,7663496,BLIND,2270640,,live,,,computer,Desktop or Laptop,Windows 10,Chrome 86.0.4240.183,1536x864,1536x754,,Demographic variables,12,Meta-first,No,END QUESTIONNAIRE,15981
1,1.60491E+12,09/11/2020 09:27,1.60491E+12,-6,09/11/2020 03:27,12022,43,questionnaire-ynxa,,7663341,BLIND,2270617,,live,,,computer,Desktop or Laptop,Windows 10,Firefox 80.0,1708x960,851x794,,Demographic variables,12,Menta-first,No,BEGIN QUESTIONNAIRE,
2,1.60491E+12,09/11/2020 09:28,1.60491E+12,-6,09/11/2020 03:27,12022,43,questionnaire-ynxa,,7663341,BLIND,2270617,,live,,,computer,Desktop or Laptop,Windows 10,Firefox 80.0,1708x960,851x794,,Demographic variables,12,Menta-first,No,Gender ,Male
3,1.60491E+12,09/11/2020 09:28,1.60491E+12,-6,09/11/2020 03:27,12022,43,questionnaire-ynxa,,7663341,BLIND,2270617,,live,,,computer,Desktop or Laptop,Windows 10,Firefox 80.0,1708x960,851x794,,Demographic variables,12,Menta-first,No,Gender -quantised,2
4,1.60491E+12,09/11/2020 09:28,1.60491E+12,-6,09/11/2020 03:27,12022,43,questionnaire-ynxa,,7663341,BLIND,2270617,,live,,,computer,Desktop or Laptop,Windows 10,Firefox 80.0,1708x960,851x794,,Demographic variables,12,Menta-first,No,education,Master's degree
5,1.60491E+12,09/11/2020 09:28,1.60491E+12,-6,09/11/2020 03:27,12022,43,questionnaire-ynxa,,7663341,BLIND,2270617,,live,,,computer,Desktop or Laptop,Windows 10,Firefox 80.0,1708x960,851x794,,Demographic variables,12,Menta-first,No,education-quantised,5
6,1.60491E+12,09/11/2020 09:28,1.60491E+12,-6,09/11/2020 03:27,12022,43,questionnaire-ynxa,,7663341,BLIND,2270617,,live,,,computer,Desktop or Laptop,Windows 10,Firefox 80.0,1708x960,851x794,,Demographic variables,12,Menta-first,No,age,36
7,1.60491E+12,09/11/2020 09:28,1.60491E+12,-6,09/11/2020 03:27,12022,43,questionnaire-ynxa,,7663341,BLIND,2270617,,live,,,computer,Desktop or Laptop,Windows 10,Firefox 80.0,1708x960,851x794,,Demographic variables,12,Menta-first,No,age-quantised,19
8,1.60491E+12,09/11/2020 09:28,1.60491E+12,-6,09/11/2020 03:27,12022,43,questionnaire-ynxa,,7663341,BLIND,2270617,,live,,,computer,Desktop or Laptop,Windows 10,Firefox 80.0,1708x960,851x794,,Demographic variables,12,Menta-first,No,prolific ID,5f417c68f81466334881ed0c
9,1.60491E+12,09/11/2020 09:28,1.60491E+12,-6,09/11/2020 03:27,12022,43,questionnaire-ynxa,,7663341,BLIND,2270617,,live,,,computer,Desktop or Laptop,Windows 10,Firefox 80.0,1708x960,851x794,,Demographic variables,12,Menta-first,No,END QUESTIONNAIRE,39720
1,1.60491E+12,09/11/2020 09:15,1.60491E+12,1,09/11/2020 10:15,12022,43,questionnaire-ynxa,,7662260,BLIND,2270544,,live,,,computer,Desktop or Laptop,Windows 10,Edge 86.0.622.63,1280x720,1280x610,,Demographic variables,12,Meta-first,No,BEGIN QUESTIONNAIRE,
2,1.60491E+12,09/11/2020 09:15,1.60491E+12,1,09/11/2020 10:15,12022,43,questionnaire-ynxa,,7662260,BLIND,2270544,,live,,,computer,Desktop or Laptop,Windows 10,Edge 86.0.622.63,1280x720,1280x610,,Demographic variables,12,Meta-first,No,Gender ,Female
3,1.60491E+12,09/11/2020 09:15,1.60491E+12,1,09/11/2020 10:15,12022,43,questionnaire-ynxa,,7662260,BLIND,2270544,,live,,,computer,Desktop or Laptop,Windows 10,Edge 86.0.622.63,1280x720,1280x610,,Demographic variables,12,Meta-first,No,Gender -quantised,1
4,1.60491E+12,09/11/2020 09:15,1.60491E+12,1,09/11/2020 10:15,12022,43,questionnaire-ynxa,,7662260,BLIND,2270544,,live,,,computer,Desktop or Laptop,Windows 10,Edge 86.0.622.63,1280x720,1280x610,,Demographic variables,12,Meta-first,No,education,High school or equivalent
5,1.60491E+12,09/11/2020 09:15,1.60491E+12,1,09/11/2020 10:15,12022,43,questionnaire-ynxa,,7662260,BLIND,2270544,,live,,,computer,Desktop or Laptop,Windows 10,Edge 86.0.622.63,1280x720,1280x610,,Demographic variables,12,Meta-first,No,education-quantised,2
6,1.60491E+12,09/11/2020 09:15,1.60491E+12,1,09/11/2020 10:15,12022,43,questionnaire-ynxa,,7662260,BLIND,2270544,,live,,,computer,Desktop or Laptop,Windows 10,Edge 86.0.622.63,1280x720,1280x610,,Demographic variables,12,Meta-first,No,age,20
7,1.60491E+12,09/11/2020 09:15,1.60491E+12,1,09/11/2020 10:15,12022,43,questionnaire-ynxa,,7662260,BLIND,2270544,,live,,,computer,Desktop or Laptop,Windows 10,Edge 86.0.622.63,1280x720,1280x610,,Demographic variables,12,Meta-first,No,age-quantised,3
8,1.60491E+12,09/11/2020 09:15,1.60491E+12,1,09/11/2020 10:15,12022,43,questionnaire-ynxa,,7662260,BLIND,2270544,,live,,,computer,Desktop or Laptop,Windows 10,Edge 86.0.622.63,1280x720,1280x610,,Demographic variables,12,Meta-first,No,prolific ID,5f6e70f1d44be63c19e3c5e1
9,1.60491E+12,09/11/2020 09:15,1.60491E+12,1,09/11/2020 10:15,12022,43,questionnaire-ynxa,,7662260,BLIND,2270544,,live,,,computer,Desktop or Laptop,Windows 10,Edge 86.0.622.63,1280x720,1280x610,,Demographic variables,12,Meta-first,No,END QUESTIONNAIRE,42200
1,1.60491E+12,09/11/2020 09:14,1.60491E+12,1,09/11/2020 10:14,12022,43,questionnaire-ynxa,,7662198,BLIND,2270558,,live,,,computer,Desktop or Laptop,Windows 10,Chrome 86.0.4240.183,1366x768,1366x625,,Demographic variables,12,Menta-first,No,BEGIN QUESTIONNAIRE,
2,1.60491E+12,09/11/2020 09:14,1.60491E+12,1,09/11/2020 10:14,12022,43,questionnaire-ynxa,,7662198,BLIND,2270558,,live,,,computer,Desktop or Laptop,Windows 10,Chrome 86.0.4240.183,1366x768,1366x625,,Demographic variables,12,Menta-first,No,Gender ,Female
3,1.60491E+12,09/11/2020 09:14,1.60491E+12,1,09/11/2020 10:14,12022,43,questionnaire-ynxa,,7662198,BLIND,2270558,,live,,,computer,Desktop or Laptop,Windows 10,Chrome 86.0.4240.183,1366x768,1366x625,,Demographic variables,12,Menta-first,No,Gender -quantised,1
4,1.60491E+12,09/11/2020 09:14,1.60491E+12,1,09/11/2020 10:14,12022,43,questionnaire-ynxa,,7662198,BLIND,2270558,,live,,,computer,Desktop or Laptop,Windows 10,Chrome 86.0.4240.183,1366x768,1366x625,,Demographic variables,12,Menta-first,No,education,Some college
5,1.60491E+12,09/11/2020 09:14,1.60491E+12,1,09/11/2020 10:14,12022,43,questionnaire-ynxa,,7662198,BLIND,2270558,,live,,,computer,Desktop or Laptop,Windows 10,Chrome 86.0.4240.183,1366x768,1366x625,,Demographic variables,12,Menta-first,No,education-quantised,3
6,1.60491E+12,09/11/2020 09:14,1.60491E+12,1,09/11/2020 10:14,12022,43,questionnaire-ynxa,,7662198,BLIND,2270558,,live,,,computer,Desktop or Laptop,Windows 10,Chrome 86.0.4240.183,1366x768,1366x625,,Demographic variables,12,Menta-first,No,age,21
7,1.60491E+12,09/11/2020 09:14,1.60491E+12,1,09/11/2020 10:14,12022,43,questionnaire-ynxa,,7662198,BLIND,2270558,,live,,,computer,Desktop or Laptop,Windows 10,Chrome 86.0.4240.183,1366x768,1366x625,,Demographic variables,12,Menta-first,No,age-quantised,4
8,1.60491E+12,09/11/2020 09:14,1.60491E+12,1,09/11/2020 10:14,12022,43,questionnaire-ynxa,,7662198,BLIND,2270558,,live,,,computer,Desktop or Laptop,Windows 10,Chrome 86.0.4240.183,1366x768,1366x625,,Demographic variables,12,Menta-first,No,prolific ID,5d852b272a218500015f6147
9,1.60491E+12,09/11/2020 09:14,1.60491E+12,1,09/11/2020 10:14,12022,43,questionnaire-ynxa,,7662198,BLIND,2270558,,live,,,computer,Desktop or Laptop,Windows 10,Chrome 86.0.4240.183,1366x768,1366x625,,Demographic variables,12,Menta-first,No,END QUESTIONNAIRE,24136
1,1.60491E+12,09/11/2020 09:13,1.60491E+12,1,09/11/2020 10:13,12022,43,questionnaire-ynxa,,7662158,BLIND,2270560,,complete,cdmdsm,,computer,Desktop or Laptop,Windows 10,Chrome 86.0.4240.183,1536x864,1536x754,,Demographic variables,12,Meta-first,No,BEGIN QUESTIONNAIRE,
2,1.60491E+12,09/11/2020 09:14,1.60491E+12,1,09/11/2020 10:14,12022,43,questionnaire-ynxa,,7662158,BLIND,2270560,,complete,cdmdsm,,computer,Desktop or Laptop,Windows 10,Chrome 86.0.4240.183,1536x864,1536x754,,Demographic variables,12,Meta-first,No,Gender ,Male
3,1.60491E+12,09/11/2020 09:14,1.60491E+12,1,09/11/2020 10:14,12022,43,questionnaire-ynxa,,7662158,BLIND,2270560,,complete,cdmdsm,,computer,Desktop or Laptop,Windows 10,Chrome 86.0.4240.183,1536x864,1536x754,,Demographic variables,12,Meta-first,No,Gender -quantised,2
4,1.60491E+12,09/11/2020 09:14,1.60491E+12,1,09/11/2020 10:14,12022,43,questionnaire-ynxa,,7662158,BLIND,2270560,,complete,cdmdsm,,computer,Desktop or Laptop,Windows 10,Chrome 86.0.4240.183,1536x864,1536x754,,Demographic variables,12,Meta-first,No,education,High school or equivalent
5,1.60491E+12,09/11/2020 09:14,1.60491E+12,1,09/11/2020 10:14,12022,43,questionnaire-ynxa,,7662158,BLIND,2270560,,complete,cdmdsm,,computer,Desktop or Laptop,Windows 10,Chrome 86.0.4240.183,1536x864,1536x754,,Demographic variables,12,Meta-first,No,education-quantised,2
6,1.60491E+12,09/11/2020 09:14,1.60491E+12,1,09/11/2020 10:14,12022,43,questionnaire-ynxa,,7662158,BLIND,2270560,,complete,cdmdsm,,computer,Desktop or Laptop,Windows 10,Chrome 86.0.4240.183,1536x864,1536x754,,Demographic variables,12,Meta-first,No,age,18
7,1.60491E+12,09/11/2020 09:14,1.60491E+12,1,09/11/2020 10:14,12022,43,questionnaire-ynxa,,7662158,BLIND,2270560,,complete,cdmdsm,,computer,Desktop or Laptop,Windows 10,Chrome 86.0.4240.183,1536x864,1536x754,,Demographic variables,12,Meta-first,No,age-quantised,1
8,1.60491E+12,09/11/2020 09:14,1.60491E+12,1,09/11/2020 10:14,12022,43,questionnaire-ynxa,,7662158,BLIND,2270560,,complete,cdmdsm,,computer,Desktop or Laptop,Windows 10,Chrome 86.0.4240.183,1536x864,1536x754,,Demographic variables,12,Meta-first,No,prolific ID,5eb152b9d01b0a0464dce3c4
9,1.60491E+12,09/11/2020 09:14,1.60491E+12,1,09/11/2020 10:14,12022,43,questionnaire-ynxa,,7662158,BLIND,2270560,,complete,cdmdsm,,computer,Desktop or Laptop,Windows 10,Chrome 86.0.4240.183,1536x864,1536x754,,Demographic variables,12,Meta-first,No,END QUESTIONNAIRE,26076
1,1.60491E+12,09/11/2020 09:13,1.60491E+12,1,09/11/2020 10:13,12022,43,questionnaire-ynxa,,7662147,BLIND,2270552,,complete,vlbsiq,,computer,Desktop or Laptop,Windows 10,Chrome 86.0.4240.183,1600x900,1600x767,,Demographic variables,12,Menta-first,No,BEGIN QUESTIONNAIRE,
2,1.60491E+12,09/11/2020 09:16,1.60491E+12,1,09/11/2020 10:16,12022,43,questionnaire-ynxa,,7662147,BLIND,2270552,,complete,vlbsiq,,computer,Desktop or Laptop,Windows 10,Chrome 86.0.4240.183,1600x900,1600x767,,Demographic variables,12,Menta-first,No,Gender ,Male
3,1.60491E+12,09/11/2020 09:16,1.60491E+12,1,09/11/2020 10:16,12022,43,questionnaire-ynxa,,7662147,BLIND,2270552,,complete,vlbsiq,,computer,Desktop or Laptop,Windows 10,Chrome 86.0.4240.183,1600x900,1600x767,,Demographic variables,12,Menta-first,No,Gender -quantised,2
4,1.60491E+12,09/11/2020 09:16,1.60491E+12,1,09/11/2020 10:16,12022,43,questionnaire-ynxa,,7662147,BLIND,2270552,,complete,vlbsiq,,computer,Desktop or Laptop,Windows 10,Chrome 86.0.4240.183,1600x900,1600x767,,Demographic variables,12,Menta-first,No,education,High school or equivalent
5,1.60491E+12,09/11/2020 09:16,1.60491E+12,1,09/11/2020 10:16,12022,43,questionnaire-ynxa,,7662147,BLIND,2270552,,complete,vlbsiq,,computer,Desktop or Laptop,Windows 10,Chrome 86.0.4240.183,1600x900,1600x767,,Demographic variables,12,Menta-first,No,education-quantised,2
6,1.60491E+12,09/11/2020 09:16,1.60491E+12,1,09/11/2020 10:16,12022,43,questionnaire-ynxa,,7662147,BLIND,2270552,,complete,vlbsiq,,computer,Desktop or Laptop,Windows 10,Chrome 86.0.4240.183,1600x900,1600x767,,Demographic variables,12,Menta-first,No,age,55
7,1.60491E+12,09/11/2020 09:16,1.60491E+12,1,09/11/2020 10:16,12022,43,questionnaire-ynxa,,7662147,BLIND,2270552,,complete,vlbsiq,,computer,Desktop or Laptop,Windows 10,Chrome 86.0.4240.183,1600x900,1600x767,,Demographic variables,12,Menta-first,No,age-quantised,38
8,1.60491E+12,09/11/2020 09:16,1.60491E+12,1,09/11/2020 10:16,12022,43,questionnaire-ynxa,,7662147,BLIND,2270552,,complete,vlbsiq,,computer,Desktop or Laptop,Windows 10,Chrome 86.0.4240.183,1600x900,1600x767,,Demographic variables,12,Menta-first,No,prolific ID,5d66b4f503b0d900195ca627
9,1.60491E+12,09/11/2020 09:16,1.60491E+12,1,09/11/2020 10:16,12022,43,questionnaire-ynxa,,7662147,BLIND,2270552,,complete,vlbsiq,,computer,Desktop or Laptop,Windows 10,Chrome 86.0.4240.183,1600x900,1600x767,,Demographic variables,12,Menta-first,No,END QUESTIONNAIRE,143731
1,1.60491E+12,09/11/2020 09:13,1.60491E+12,-5,09/11/2020 04:13,12022,43,questionnaire-ynxa,,7662130,BLIND,2270549,,complete,zxmoxk,,computer,Desktop or Laptop,Windows 8.1,Firefox 82.0,1600x900,1600x756,,Demographic variables,12,Menta-first,No,BEGIN QUESTIONNAIRE,
2,1.60491E+12,09/11/2020 09:14,1.60491E+12,-5,09/11/2020 04:14,12022,43,questionnaire-ynxa,,7662130,BLIND,2270549,,complete,zxmoxk,,computer,Desktop or Laptop,Windows 8.1,Firefox 82.0,1600x900,1600x756,,Demographic variables,12,Menta-first,No,Gender ,Other
3,1.60491E+12,09/11/2020 09:14,1.60491E+12,-5,09/11/2020 04:14,12022,43,questionnaire-ynxa,,7662130,BLIND,2270549,,complete,zxmoxk,,computer,Desktop or Laptop,Windows 8.1,Firefox 82.0,1600x900,1600x756,,Demographic variables,12,Menta-first,No,Gender -quantised,3
4,1.60491E+12,09/11/2020 09:14,1.60491E+12,-5,09/11/2020 04:14,12022,43,questionnaire-ynxa,,7662130,BLIND,2270549,,complete,zxmoxk,,computer,Desktop or Laptop,Windows 8.1,Firefox 82.0,1600x900,1600x756,,Demographic variables,12,Menta-first,No,education,Some college
5,1.60491E+12,09/11/2020 09:14,1.60491E+12,-5,09/11/2020 04:14,12022,43,questionnaire-ynxa,,7662130,BLIND,2270549,,complete,zxmoxk,,computer,Desktop or Laptop,Windows 8.1,Firefox 82.0,1600x900,1600x756,,Demographic variables,12,Menta-first,No,education-quantised,3
6,1.60491E+12,09/11/2020 09:14,1.60491E+12,-5,09/11/2020 04:14,12022,43,questionnaire-ynxa,,7662130,BLIND,2270549,,complete,zxmoxk,,computer,Desktop or Laptop,Windows 8.1,Firefox 82.0,1600x900,1600x756,,Demographic variables,12,Menta-first,No,age,37
7,1.60491E+12,09/11/2020 09:14,1.60491E+12,-5,09/11/2020 04:14,12022,43,questionnaire-ynxa,,7662130,BLIND,2270549,,complete,zxmoxk,,computer,Desktop or Laptop,Windows 8.1,Firefox 82.0,1600x900,1600x756,,Demographic variables,12,Menta-first,No,age-quantised,20
8,1.60491E+12,09/11/2020 09:14,1.60491E+12,-5,09/11/2020 04:14,12022,43,questionnaire-ynxa,,7662130,BLIND,2270549,,complete,zxmoxk,,computer,Desktop or Laptop,Windows 8.1,Firefox 82.0,1600x900,1600x756,,Demographic variables,12,Menta-first,No,prolific ID,5e6d6b3fe152873320a57f07
9,1.60491E+12,09/11/2020 09:14,1.60491E+12,-5,09/11/2020 04:14,12022,43,questionnaire-ynxa,,7662130,BLIND,2270549,,complete,zxmoxk,,computer,Desktop or Laptop,Windows 8.1,Firefox 82.0,1600x900,1600x756,,Demographic variables,12,Menta-first,No,END QUESTIONNAIRE,29042
1,1.60491E+12,09/11/2020 09:13,1.60491E+12,0,09/11/2020 09:13,12022,43,questionnaire-ynxa,,7662086,BLIND,2270553,,live,,,computer,Desktop or Laptop,Mac OS 10.15.7,Chrome 86.0.4240.183,1440x900,1440x724,,Demographic variables,12,Meta-first,No,BEGIN QUESTIONNAIRE,
2,1.60491E+12,09/11/2020 09:13,1.60491E+12,0,09/11/2020 09:13,12022,43,questionnaire-ynxa,,7662086,BLIND,2270553,,live,,,computer,Desktop or Laptop,Mac OS 10.15.7,Chrome 86.0.4240.183,1440x900,1440x724,,Demographic variables,12,Meta-first,No,Gender ,Male
3,1.60491E+12,09/11/2020 09:13,1.60491E+12,0,09/11/2020 09:13,12022,43,questionnaire-ynxa,,7662086,BLIND,2270553,,live,,,computer,Desktop or Laptop,Mac OS 10.15.7,Chrome 86.0.4240.183,1440x900,1440x724,,Demographic variables,12,Meta-first,No,Gender -quantised,2
4,1.60491E+12,09/11/2020 09:13,1.60491E+12,0,09/11/2020 09:13,12022,43,questionnaire-ynxa,,7662086,BLIND,2270553,,live,,,computer,Desktop or Laptop,Mac OS 10.15.7,Chrome 86.0.4240.183,1440x900,1440x724,,Demographic variables,12,Meta-first,No,education,Master's degree
5,1.60491E+12,09/11/2020 09:13,1.60491E+12,0,09/11/2020 09:13,12022,43,questionnaire-ynxa,,7662086,BLIND,2270553,,live,,,computer,Desktop or Laptop,Mac OS 10.15.7,Chrome 86.0.4240.183,1440x900,1440x724,,Demographic variables,12,Meta-first,No,education-quantised,5
6,1.60491E+12,09/11/2020 09:13,1.60491E+12,0,09/11/2020 09:13,12022,43,questionnaire-ynxa,,7662086,BLIND,2270553,,live,,,computer,Desktop or Laptop,Mac OS 10.15.7,Chrome 86.0.4240.183,1440x900,1440x724,,Demographic variables,12,Meta-first,No,age,27
7,1.60491E+12,09/11/2020 09:13,1.60491E+12,0,09/11/2020 09:13,12022,43,questionnaire-ynxa,,7662086,BLIND,2270553,,live,,,computer,Desktop or Laptop,Mac OS 10.15.7,Chrome 86.0.4240.183,1440x900,1440x724,,Demographic variables,12,Meta-first,No,age-quantised,10
8,1.60491E+12,09/11/2020 09:13,1.60491E+12,0,09/11/2020 09:13,12022,43,questionnaire-ynxa,,7662086,BLIND,2270553,,live,,,computer,Desktop or Laptop,Mac OS 10.15.7,Chrome 86.0.4240.183,1440x900,1440x724,,Demographic variables,12,Meta-first,No,prolific ID,5ec2fcf369356b13ec827feb
9,1.60491E+12,09/11/2020 09:13,1.60491E+12,0,09/11/2020 09:13,12022,43,questionnaire-ynxa,,7662086,BLIND,2270553,,live,,,computer,Desktop or Laptop,Mac OS 10.15.7,Chrome 86.0.4240.183,1440x900,1440x724,,Demographic variables,12,Meta-first,No,END QUESTIONNAIRE,28993
1,1.60491E+12,09/11/2020 09:13,1.60491E+12,0,09/11/2020 09:13,12022,43,questionnaire-ynxa,,7662070,BLIND,2270550,,live,,,computer,Desktop or Laptop,Windows 10,Chrome 86.0.4240.183,1920x1080,1920x937,,Demographic variables,12,Menta-first,No,BEGIN QUESTIONNAIRE,
2,1.60491E+12,09/11/2020 09:13,1.60491E+12,0,09/11/2020 09:13,12022,43,questionnaire-ynxa,,7662070,BLIND,2270550,,live,,,computer,Desktop or Laptop,Windows 10,Chrome 86.0.4240.183,1920x1080,1920x937,,Demographic variables,12,Menta-first,No,Gender ,Female
3,1.60491E+12,09/11/2020 09:13,1.60491E+12,0,09/11/2020 09:13,12022,43,questionnaire-ynxa,,7662070,BLIND,2270550,,live,,,computer,Desktop or Laptop,Windows 10,Chrome 86.0.4240.183,1920x1080,1920x937,,Demographic variables,12,Menta-first,No,Gender -quantised,1
4,1.60491E+12,09/11/2020 09:13,1.60491E+12,0,09/11/2020 09:13,12022,43,questionnaire-ynxa,,7662070,BLIND,2270550,,live,,,computer,Desktop or Laptop,Windows 10,Chrome 86.0.4240.183,1920x1080,1920x937,,Demographic variables,12,Menta-first,No,education,Bachelor's degree
5,1.60491E+12,09/11/2020 09:13,1.60491E+12,0,09/11/2020 09:13,12022,43,questionnaire-ynxa,,7662070,BLIND,2270550,,live,,,computer,Desktop or Laptop,Windows 10,Chrome 86.0.4240.183,1920x1080,1920x937,,Demographic variables,12,Menta-first,No,education-quantised,4
6,1.60491E+12,09/11/2020 09:13,1.60491E+12,0,09/11/2020 09:13,12022,43,questionnaire-ynxa,,7662070,BLIND,2270550,,live,,,computer,Desktop or Laptop,Windows 10,Chrome 86.0.4240.183,1920x1080,1920x937,,Demographic variables,12,Menta-first,No,age,27
7,1.60491E+12,09/11/2020 09:13,1.60491E+12,0,09/11/2020 09:13,12022,43,questionnaire-ynxa,,7662070,BLIND,2270550,,live,,,computer,Desktop or Laptop,Windows 10,Chrome 86.0.4240.183,1920x1080,1920x937,,Demographic variables,12,Menta-first,No,age-quantised,10
8,1.60491E+12,09/11/2020 09:13,1.60491E+12,0,09/11/2020 09:13,12022,43,questionnaire-ynxa,,7662070,BLIND,2270550,,live,,,computer,Desktop or Laptop,Windows 10,Chrome 86.0.4240.183,1920x1080,1920x937,,Demographic variables,12,Menta-first,No,prolific ID,5f319705c8f15307cbb192a7
9,1.60491E+12,09/11/2020 09:13,1.60491E+12,0,09/11/2020 09:13,12022,43,questionnaire-ynxa,,7662070,BLIND,2270550,,live,,,computer,Desktop or Laptop,Windows 10,Chrome 86.0.4240.183,1920x1080,1920x937,,Demographic variables,12,Menta-first,No,END QUESTIONNAIRE,19576
1,1.60486E+12,08/11/2020 17:28,1.60486E+12,-5,08/11/2020 12:28,12022,43,questionnaire-ynxa,,7651354,BLIND,2268193,,complete,gpylgf,,computer,Desktop or Laptop,Windows 10,Firefox 82.0,1920x1080,1681x1006,,Demographic variables,12,Meta-first,No,BEGIN QUESTIONNAIRE,
2,1.60486E+12,08/11/2020 17:29,1.60486E+12,-5,08/11/2020 12:29,12022,43,questionnaire-ynxa,,7651354,BLIND,2268193,,complete,gpylgf,,computer,Desktop or Laptop,Windows 10,Firefox 82.0,1920x1080,1681x1006,,Demographic variables,12,Meta-first,No,Gender ,Male
3,1.60486E+12,08/11/2020 17:29,1.60486E+12,-5,08/11/2020 12:29,12022,43,questionnaire-ynxa,,7651354,BLIND,2268193,,complete,gpylgf,,computer,Desktop or Laptop,Windows 10,Firefox 82.0,1920x1080,1681x1006,,Demographic variables,12,Meta-first,No,Gender -quantised,2
4,1.60486E+12,08/11/2020 17:29,1.60486E+12,-5,08/11/2020 12:29,12022,43,questionnaire-ynxa,,7651354,BLIND,2268193,,complete,gpylgf,,computer,Desktop or Laptop,Windows 10,Firefox 82.0,1920x1080,1681x1006,,Demographic variables,12,Meta-first,No,education,High school or equivalent
5,1.60486E+12,08/11/2020 17:29,1.60486E+12,-5,08/11/2020 12:29,12022,43,questionnaire-ynxa,,7651354,BLIND,2268193,,complete,gpylgf,,computer,Desktop or Laptop,Windows 10,Firefox 82.0,1920x1080,1681x1006,,Demographic variables,12,Meta-first,No,education-quantised,2
6,1.60486E+12,08/11/2020 17:29,1.60486E+12,-5,08/11/2020 12:29,12022,43,questionnaire-ynxa,,7651354,BLIND,2268193,,complete,gpylgf,,computer,Desktop or Laptop,Windows 10,Firefox 82.0,1920x1080,1681x1006,,Demographic variables,12,Meta-first,No,age,22
7,1.60486E+12,08/11/2020 17:29,1.60486E+12,-5,08/11/2020 12:29,12022,43,questionnaire-ynxa,,7651354,BLIND,2268193,,complete,gpylgf,,computer,Desktop or Laptop,Windows 10,Firefox 82.0,1920x1080,1681x1006,,Demographic variables,12,Meta-first,No,age-quantised,5
8,1.60486E+12,08/11/2020 17:29,1.60486E+12,-5,08/11/2020 12:29,12022,43,questionnaire-ynxa,,7651354,BLIND,2268193,,complete,gpylgf,,computer,Desktop or Laptop,Windows 10,Firefox 82.0,1920x1080,1681x1006,,Demographic variables,12,Meta-first,No,prolific ID,5ee121f4aa67fe4db6f8e659
9,1.60486E+12,08/11/2020 17:29,1.60486E+12,-5,08/11/2020 12:29,12022,43,questionnaire-ynxa,,7651354,BLIND,2268193,,complete,gpylgf,,computer,Desktop or Laptop,Windows 10,Firefox 82.0,1920x1080,1681x1006,,Demographic variables,12,Meta-first,No,END QUESTIONNAIRE,64268
1,1.60484E+12,08/11/2020 14:12,1.60484E+12,1,08/11/2020 15:12,12022,43,questionnaire-ynxa,,7649413,BLIND,2267479,,complete,yaxoxx,,computer,Desktop or Laptop,Linux x86_64,Chrome 86.0.4240.183,1536x864,1536x736,,Demographic variables,12,Menta-first,No,BEGIN QUESTIONNAIRE,
2,1.60485E+12,08/11/2020 14:25,1.60485E+12,1,08/11/2020 15:25,12022,43,questionnaire-ynxa,,7649413,BLIND,2267479,,complete,yaxoxx,,computer,Desktop or Laptop,Linux x86_64,Chrome 86.0.4240.183,1536x864,1536x736,,Demographic variables,12,Menta-first,No,Gender ,Male
3,1.60485E+12,08/11/2020 14:25,1.60485E+12,1,08/11/2020 15:25,12022,43,questionnaire-ynxa,,7649413,BLIND,2267479,,complete,yaxoxx,,computer,Desktop or Laptop,Linux x86_64,Chrome 86.0.4240.183,1536x864,1536x736,,Demographic variables,12,Menta-first,No,Gender -quantised,2
4,1.60485E+12,08/11/2020 14:25,1.60485E+12,1,08/11/2020 15:25,12022,43,questionnaire-ynxa,,7649413,BLIND,2267479,,complete,yaxoxx,,computer,Desktop or Laptop,Linux x86_64,Chrome 86.0.4240.183,1536x864,1536x736,,Demographic variables,12,Menta-first,No,education,Some college
5,1.60485E+12,08/11/2020 14:25,1.60485E+12,1,08/11/2020 15:25,12022,43,questionnaire-ynxa,,7649413,BLIND,2267479,,complete,yaxoxx,,computer,Desktop or Laptop,Linux x86_64,Chrome 86.0.4240.183,1536x864,1536x736,,Demographic variables,12,Menta-first,No,education-quantised,3
6,1.60485E+12,08/11/2020 14:25,1.60485E+12,1,08/11/2020 15:25,12022,43,questionnaire-ynxa,,7649413,BLIND,2267479,,complete,yaxoxx,,computer,Desktop or Laptop,Linux x86_64,Chrome 86.0.4240.183,1536x864,1536x736,,Demographic variables,12,Menta-first,No,age,21
7,1.60485E+12,08/11/2020 14:25,1.60485E+12,1,08/11/2020 15:25,12022,43,questionnaire-ynxa,,7649413,BLIND,2267479,,complete,yaxoxx,,computer,Desktop or Laptop,Linux x86_64,Chrome 86.0.4240.183,1536x864,1536x736,,Demographic variables,12,Menta-first,No,age-quantised,4
8,1.60485E+12,08/11/2020 14:25,1.60485E+12,1,08/11/2020 15:25,12022,43,questionnaire-ynxa,,7649413,BLIND,2267479,,complete,yaxoxx,,computer,Desktop or Laptop,Linux x86_64,Chrome 86.0.4240.183,1536x864,1536x736,,Demographic variables,12,Menta-first,No,prolific ID,5dcc8459bfb31a920381996e
9,1.60485E+12,08/11/2020 14:25,1.60485E+12,1,08/11/2020 15:25,12022,43,questionnaire-ynxa,,7649413,BLIND,2267479,,complete,yaxoxx,,computer,Desktop or Laptop,Linux x86_64,Chrome 86.0.4240.183,1536x864,1536x736,,Demographic variables,12,Menta-first,No,END QUESTIONNAIRE,797031
1,1.60484E+12,08/11/2020 13:23,1.60484E+12,-5,08/11/2020 08:23,12022,43,questionnaire-ynxa,,7648883,BLIND,2267285,,complete,uwilrc,,computer,Desktop or Laptop,Windows 10,Chrome 84.0.4147.135,1366x768,1242x603,,Demographic variables,12,Meta-first,No,BEGIN QUESTIONNAIRE,
2,1.60484E+12,08/11/2020 13:24,1.60484E+12,-5,08/11/2020 08:24,12022,43,questionnaire-ynxa,,7648883,BLIND,2267285,,complete,uwilrc,,computer,Desktop or Laptop,Windows 10,Chrome 84.0.4147.135,1366x768,1242x603,,Demographic variables,12,Meta-first,No,Gender ,Female
3,1.60484E+12,08/11/2020 13:24,1.60484E+12,-5,08/11/2020 08:24,12022,43,questionnaire-ynxa,,7648883,BLIND,2267285,,complete,uwilrc,,computer,Desktop or Laptop,Windows 10,Chrome 84.0.4147.135,1366x768,1242x603,,Demographic variables,12,Meta-first,No,Gender -quantised,1
4,1.60484E+12,08/11/2020 13:24,1.60484E+12,-5,08/11/2020 08:24,12022,43,questionnaire-ynxa,,7648883,BLIND,2267285,,complete,uwilrc,,computer,Desktop or Laptop,Windows 10,Chrome 84.0.4147.135,1366x768,1242x603,,Demographic variables,12,Meta-first,No,education,Bachelor's degree
5,1.60484E+12,08/11/2020 13:24,1.60484E+12,-5,08/11/2020 08:24,12022,43,questionnaire-ynxa,,7648883,BLIND,2267285,,complete,uwilrc,,computer,Desktop or Laptop,Windows 10,Chrome 84.0.4147.135,1366x768,1242x603,,Demographic variables,12,Meta-first,No,education-quantised,4
6,1.60484E+12,08/11/2020 13:24,1.60484E+12,-5,08/11/2020 08:24,12022,43,questionnaire-ynxa,,7648883,BLIND,2267285,,complete,uwilrc,,computer,Desktop or Laptop,Windows 10,Chrome 84.0.4147.135,1366x768,1242x603,,Demographic variables,12,Meta-first,No,age,27
7,1.60484E+12,08/11/2020 13:24,1.60484E+12,-5,08/11/2020 08:24,12022,43,questionnaire-ynxa,,7648883,BLIND,2267285,,complete,uwilrc,,computer,Desktop or Laptop,Windows 10,Chrome 84.0.4147.135,1366x768,1242x603,,Demographic variables,12,Meta-first,No,age-quantised,10
8,1.60484E+12,08/11/2020 13:24,1.60484E+12,-5,08/11/2020 08:24,12022,43,questionnaire-ynxa,,7648883,BLIND,2267285,,complete,uwilrc,,computer,Desktop or Laptop,Windows 10,Chrome 84.0.4147.135,1366x768,1242x603,,Demographic variables,12,Meta-first,No,prolific ID,5f6bc8e8a9a9b4134c8719b4
9,1.60484E+12,08/11/2020 13:24,1.60484E+12,-5,08/11/2020 08:24,12022,43,questionnaire-ynxa,,7648883,BLIND,2267285,,complete,uwilrc,,computer,Desktop or Laptop,Windows 10,Chrome 84.0.4147.135,1366x768,1242x603,,Demographic variables,12,Meta-first,No,END QUESTIONNAIRE,38378
1,1.60484E+12,08/11/2020 13:07,1.60484E+12,0,08/11/2020 13:07,12022,43,questionnaire-ynxa,,7648704,BLIND,2267235,,complete,xkvtxx,,computer,Desktop or Laptop,Windows 10,Chrome 86.0.4240.75,1366x768,1366x657,,Demographic variables,12,Meta-first,No,BEGIN QUESTIONNAIRE,
2,1.60484E+12,08/11/2020 13:07,1.60484E+12,0,08/11/2020 13:07,12022,43,questionnaire-ynxa,,7648704,BLIND,2267235,,complete,xkvtxx,,computer,Desktop or Laptop,Windows 10,Chrome 86.0.4240.75,1366x768,1366x657,,Demographic variables,12,Meta-first,No,Gender ,Female
3,1.60484E+12,08/11/2020 13:07,1.60484E+12,0,08/11/2020 13:07,12022,43,questionnaire-ynxa,,7648704,BLIND,2267235,,complete,xkvtxx,,computer,Desktop or Laptop,Windows 10,Chrome 86.0.4240.75,1366x768,1366x657,,Demographic variables,12,Meta-first,No,Gender -quantised,1
4,1.60484E+12,08/11/2020 13:07,1.60484E+12,0,08/11/2020 13:07,12022,43,questionnaire-ynxa,,7648704,BLIND,2267235,,complete,xkvtxx,,computer,Desktop or Laptop,Windows 10,Chrome 86.0.4240.75,1366x768,1366x657,,Demographic variables,12,Meta-first,No,education,Some college
5,1.60484E+12,08/11/2020 13:07,1.60484E+12,0,08/11/2020 13:07,12022,43,questionnaire-ynxa,,7648704,BLIND,2267235,,complete,xkvtxx,,computer,Desktop or Laptop,Windows 10,Chrome 86.0.4240.75,1366x768,1366x657,,Demographic variables,12,Meta-first,No,education-quantised,3
6,1.60484E+12,08/11/2020 13:07,1.60484E+12,0,08/11/2020 13:07,12022,43,questionnaire-ynxa,,7648704,BLIND,2267235,,complete,xkvtxx,,computer,Desktop or Laptop,Windows 10,Chrome 86.0.4240.75,1366x768,1366x657,,Demographic variables,12,Meta-first,No,age,31
7,1.60484E+12,08/11/2020 13:07,1.60484E+12,0,08/11/2020 13:07,12022,43,questionnaire-ynxa,,7648704,BLIND,2267235,,complete,xkvtxx,,computer,Desktop or Laptop,Windows 10,Chrome 86.0.4240.75,1366x768,1366x657,,Demographic variables,12,Meta-first,No,age-quantised,14
8,1.60484E+12,08/11/2020 13:07,1.60484E+12,0,08/11/2020 13:07,12022,43,questionnaire-ynxa,,7648704,BLIND,2267235,,complete,xkvtxx,,computer,Desktop or Laptop,Windows 10,Chrome 86.0.4240.75,1366x768,1366x657,,Demographic variables,12,Meta-first,No,prolific ID,5f50db296d9ce726e639d020
9,1.60484E+12,08/11/2020 13:07,1.60484E+12,0,08/11/2020 13:07,12022,43,questionnaire-ynxa,,7648704,BLIND,2267235,,complete,xkvtxx,,computer,Desktop or Laptop,Windows 10,Chrome 86.0.4240.75,1366x768,1366x657,,Demographic variables,12,Meta-first,No,END QUESTIONNAIRE,30082
1,1.60484E+12,08/11/2020 13:00,1.60484E+12,2,08/11/2020 15:00,12022,43,questionnaire-ynxa,,7648657,BLIND,2267211,,live,,,computer,Desktop or Laptop,Windows 10,Chrome 86.0.4240.75,1024x768,937x648,,Demographic variables,12,Menta-first,No,BEGIN QUESTIONNAIRE,
2,1.60484E+12,08/11/2020 13:01,1.60484E+12,2,08/11/2020 15:01,12022,43,questionnaire-ynxa,,7648657,BLIND,2267211,,live,,,computer,Desktop or Laptop,Windows 10,Chrome 86.0.4240.75,1024x768,937x648,,Demographic variables,12,Menta-first,No,Gender ,Female
3,1.60484E+12,08/11/2020 13:01,1.60484E+12,2,08/11/2020 15:01,12022,43,questionnaire-ynxa,,7648657,BLIND,2267211,,live,,,computer,Desktop or Laptop,Windows 10,Chrome 86.0.4240.75,1024x768,937x648,,Demographic variables,12,Menta-first,No,Gender -quantised,1
4,1.60484E+12,08/11/2020 13:01,1.60484E+12,2,08/11/2020 15:01,12022,43,questionnaire-ynxa,,7648657,BLIND,2267211,,live,,,computer,Desktop or Laptop,Windows 10,Chrome 86.0.4240.75,1024x768,937x648,,Demographic variables,12,Menta-first,No,education,Master's degree
5,1.60484E+12,08/11/2020 13:01,1.60484E+12,2,08/11/2020 15:01,12022,43,questionnaire-ynxa,,7648657,BLIND,2267211,,live,,,computer,Desktop or Laptop,Windows 10,Chrome 86.0.4240.75,1024x768,937x648,,Demographic variables,12,Menta-first,No,education-quantised,5
6,1.60484E+12,08/11/2020 13:01,1.60484E+12,2,08/11/2020 15:01,12022,43,questionnaire-ynxa,,7648657,BLIND,2267211,,live,,,computer,Desktop or Laptop,Windows 10,Chrome 86.0.4240.75,1024x768,937x648,,Demographic variables,12,Menta-first,No,age,35
7,1.60484E+12,08/11/2020 13:01,1.60484E+12,2,08/11/2020 15:01,12022,43,questionnaire-ynxa,,7648657,BLIND,2267211,,live,,,computer,Desktop or Laptop,Windows 10,Chrome 86.0.4240.75,1024x768,937x648,,Demographic variables,12,Menta-first,No,age-quantised,18
8,1.60484E+12,08/11/2020 13:01,1.60484E+12,2,08/11/2020 15:01,12022,43,questionnaire-ynxa,,7648657,BLIND,2267211,,live,,,computer,Desktop or Laptop,Windows 10,Chrome 86.0.4240.75,1024x768,937x648,,Demographic variables,12,Menta-first,No,prolific ID,5eb1b16b14e51e2de3f13827
9,1.60484E+12,08/11/2020 13:01,1.60484E+12,2,08/11/2020 15:01,12022,43,questionnaire-ynxa,,7648657,BLIND,2267211,,live,,,computer,Desktop or Laptop,Windows 10,Chrome 86.0.4240.75,1024x768,937x648,,Demographic variables,12,Menta-first,No,END QUESTIONNAIRE,27863
1,1.60484E+12,08/11/2020 13:00,1.60484E+12,0,08/11/2020 13:00,12022,43,questionnaire-ynxa,,7648653,BLIND,2267198,,complete,cehfam,,computer,Desktop or Laptop,Windows 10,Firefox 82.0,1408x792,1408x667,,Demographic variables,12,Meta-first,No,BEGIN QUESTIONNAIRE,
2,1.60484E+12,08/11/2020 13:00,1.60484E+12,0,08/11/2020 13:00,12022,43,questionnaire-ynxa,,7648653,BLIND,2267198,,complete,cehfam,,computer,Desktop or Laptop,Windows 10,Firefox 82.0,1408x792,1408x667,,Demographic variables,12,Meta-first,No,Gender ,Female
3,1.60484E+12,08/11/2020 13:00,1.60484E+12,0,08/11/2020 13:00,12022,43,questionnaire-ynxa,,7648653,BLIND,2267198,,complete,cehfam,,computer,Desktop or Laptop,Windows 10,Firefox 82.0,1408x792,1408x667,,Demographic variables,12,Meta-first,No,Gender -quantised,1
4,1.60484E+12,08/11/2020 13:00,1.60484E+12,0,08/11/2020 13:00,12022,43,questionnaire-ynxa,,7648653,BLIND,2267198,,complete,cehfam,,computer,Desktop or Laptop,Windows 10,Firefox 82.0,1408x792,1408x667,,Demographic variables,12,Meta-first,No,education,Some college
5,1.60484E+12,08/11/2020 13:00,1.60484E+12,0,08/11/2020 13:00,12022,43,questionnaire-ynxa,,7648653,BLIND,2267198,,complete,cehfam,,computer,Desktop or Laptop,Windows 10,Firefox 82.0,1408x792,1408x667,,Demographic variables,12,Meta-first,No,education-quantised,3
6,1.60484E+12,08/11/2020 13:00,1.60484E+12,0,08/11/2020 13:00,12022,43,questionnaire-ynxa,,7648653,BLIND,2267198,,complete,cehfam,,computer,Desktop or Laptop,Windows 10,Firefox 82.0,1408x792,1408x667,,Demographic variables,12,Meta-first,No,age,38
7,1.60484E+12,08/11/2020 13:00,1.60484E+12,0,08/11/2020 13:00,12022,43,questionnaire-ynxa,,7648653,BLIND,2267198,,complete,cehfam,,computer,Desktop or Laptop,Windows 10,Firefox 82.0,1408x792,1408x667,,Demographic variables,12,Meta-first,No,age-quantised,21
8,1.60484E+12,08/11/2020 13:00,1.60484E+12,0,08/11/2020 13:00,12022,43,questionnaire-ynxa,,7648653,BLIND,2267198,,complete,cehfam,,computer,Desktop or Laptop,Windows 10,Firefox 82.0,1408x792,1408x667,,Demographic variables,12,Meta-first,No,prolific ID,5f6c8d62a37ab8048d2d268e
9,1.60484E+12,08/11/2020 13:00,1.60484E+12,0,08/11/2020 13:00,12022,43,questionnaire-ynxa,,7648653,BLIND,2267198,,complete,cehfam,,computer,Desktop or Laptop,Windows 10,Firefox 82.0,1408x792,1408x667,,Demographic variables,12,Meta-first,No,END QUESTIONNAIRE,37371
1,1.60484E+12,08/11/2020 12:59,1.60484E+12,1,08/11/2020 13:58,12022,43,questionnaire-ynxa,,7648635,BLIND,2267204,,live,,,computer,Desktop or Laptop,Windows 8.1,Chrome 86.0.4240.183,1280x720,1280x523,,Demographic variables,12,Menta-first,No,BEGIN QUESTIONNAIRE,
2,1.60484E+12,08/11/2020 12:59,1.60484E+12,1,08/11/2020 13:59,12022,43,questionnaire-ynxa,,7648635,BLIND,2267204,,live,,,computer,Desktop or Laptop,Windows 8.1,Chrome 86.0.4240.183,1280x720,1280x523,,Demographic variables,12,Menta-first,No,Gender ,Female
3,1.60484E+12,08/11/2020 12:59,1.60484E+12,1,08/11/2020 13:59,12022,43,questionnaire-ynxa,,7648635,BLIND,2267204,,live,,,computer,Desktop or Laptop,Windows 8.1,Chrome 86.0.4240.183,1280x720,1280x523,,Demographic variables,12,Menta-first,No,Gender -quantised,1
4,1.60484E+12,08/11/2020 12:59,1.60484E+12,1,08/11/2020 13:59,12022,43,questionnaire-ynxa,,7648635,BLIND,2267204,,live,,,computer,Desktop or Laptop,Windows 8.1,Chrome 86.0.4240.183,1280x720,1280x523,,Demographic variables,12,Menta-first,No,education,Bachelor's degree
5,1.60484E+12,08/11/2020 12:59,1.60484E+12,1,08/11/2020 13:59,12022,43,questionnaire-ynxa,,7648635,BLIND,2267204,,live,,,computer,Desktop or Laptop,Windows 8.1,Chrome 86.0.4240.183,1280x720,1280x523,,Demographic variables,12,Menta-first,No,education-quantised,4
6,1.60484E+12,08/11/2020 12:59,1.60484E+12,1,08/11/2020 13:59,12022,43,questionnaire-ynxa,,7648635,BLIND,2267204,,live,,,computer,Desktop or Laptop,Windows 8.1,Chrome 86.0.4240.183,1280x720,1280x523,,Demographic variables,12,Menta-first,No,age,23
7,1.60484E+12,08/11/2020 12:59,1.60484E+12,1,08/11/2020 13:59,12022,43,questionnaire-ynxa,,7648635,BLIND,2267204,,live,,,computer,Desktop or Laptop,Windows 8.1,Chrome 86.0.4240.183,1280x720,1280x523,,Demographic variables,12,Menta-first,No,age-quantised,6
8,1.60484E+12,08/11/2020 12:59,1.60484E+12,1,08/11/2020 13:59,12022,43,questionnaire-ynxa,,7648635,BLIND,2267204,,live,,,computer,Desktop or Laptop,Windows 8.1,Chrome 86.0.4240.183,1280x720,1280x523,,Demographic variables,12,Menta-first,No,prolific ID,5f3cfb915a6757ba82566874
9,1.60484E+12,08/11/2020 12:59,1.60484E+12,1,08/11/2020 13:59,12022,43,questionnaire-ynxa,,7648635,BLIND,2267204,,live,,,computer,Desktop or Laptop,Windows 8.1,Chrome 86.0.4240.183,1280x720,1280x523,,Demographic variables,12,Menta-first,No,END QUESTIONNAIRE,46503